mw,crippen_logp,tpsa,hbd,hba,rotatable_bonds,heavy_atoms,aromatic_rings,fsp3,formal_charge,max_positive_charge,max_negative_charge,chelating_atoms,radius_gyration,contact_frac,hbond_contacts,hydrophobic_contacts,electrostatic_complementarity,clash,metal_proximity_score,pocket_polar_frac,quantum_delta_e,charge_transfer_weight,label,target,name,resistance_class
493.75,4.968,66.84,1.0,6.0,10.0,34.0,0.0,0.857,0.0,0.316,-0.461,2.0,4.629,0.8889,12.0,159.0,-0.295,66.0,0.0,0.4393939393939394,-0.248192702955091,0.007360778316190985,0.31252,tem-1,Tiamulin,class_a
395.42,-0.172,158.21,4.0,10.0,7.0,26.0,1.0,0.214,0.0,0.352,-0.477,3.0,4.05,0.8889,21.0,140.0,-0.309,53.0,0.0,0.4393939393939394,-0.24865080909573578,0.007473522678249397,0.61451,tem-1,Cefdinir,class_a
172.21,-0.084,86.18,2.0,3.0,3.0,11.0,1.0,0.0,0.0,0.238,-0.399,0.0,2.466,0.8889,13.0,69.0,-0.1735,29.0,0.0,0.4393939393939394,-0.24699517982070773,0.0070595799822866685,0.30753,tem-1,Sulfanilamide,class_a
427.46,-0.539,156.44,3.0,11.0,8.0,28.0,1.0,0.4,0.0,0.352,-0.477,3.0,4.514,0.8889,21.0,136.0,-0.2543,49.0,0.0,0.4393939393939394,-0.24865080909573578,0.007473522678249397,0.61451,tem-1,Cefpodoxime,class_a
454.61,5.093,63.95,0.0,6.0,13.0,33.0,2.0,0.519,0.0,0.161,-0.493,0.0,5.785,1.0,7.0,179.0,-0.2655,66.0,0.0,0.4393939393939394,-0.2589334708072002,0.009039590814396488,0.38947,tem-1,Verapamil,class_a
266.34,0.452,84.58,3.0,4.0,9.0,19.0,1.0,0.5,0.0,0.221,-0.491,0.0,4.546,0.8889,8.0,99.0,-0.319,37.0,0.0,0.4393939393939394,-0.24769196886622424,0.007266233941792882,0.31017,tem-1,Atenolol,class_a
337.46,-0.768,175.83,4.0,6.0,8.0,20.0,1.0,0.375,0.0,0.318,-0.386,1.0,3.613,0.8889,27.0,109.0,-0.3041,52.0,0.0,0.4393939393939394,-0.24753271651552744,0.00717542279917297,0.30974,tem-1,Famotidine,class_a
331.35,1.369,72.88,2.0,6.0,3.0,24.0,1.0,0.412,0.0,0.341,-0.477,2.0,3.795,0.8889,11.0,142.0,-0.2188,60.0,0.0,0.4393939393939394,-0.24855507907761876,0.007451541881565766,0.31407,tem-1,Ciprofloxacin,class_a
877.05,5.648,220.15,6.0,15.0,10.0,63.0,2.0,0.574,0.0,0.312,-0.507,2.0,5.493,0.8889,27.0,274.0,-0.5548,100.0,0.0,0.4393939393939394,-0.2485873342612006,0.007474877599136731,0.31423,tem-1,Rifapentine,class_a
232.24,1.381,70.5,1.0,5.0,2.0,17.0,1.0,0.25,0.0,0.341,-0.477,3.0,3.008,0.8889,10.0,96.0,-0.1693,33.0,0.0,0.4393939393939394,-0.24855507907761876,0.007451541881565766,0.31405,tem-1,Nalidixic acid,class_a
347.4,0.445,112.73,3.0,6.0,5.0,24.0,1.0,0.312,0.0,0.352,-0.477,2.0,4.027,0.8889,22.0,137.0,-0.3262,56.0,0.0,0.4393939393939394,-0.24865080909573578,0.007473522678249397,0.61451,tem-1,Cephalexin,class_a
180.16,1.31,63.6,1.0,4.0,2.0,13.0,1.0,0.111,0.0,0.339,-0.478,4.0,2.428,0.8889,13.0,76.0,-0.1747,34.0,0.0,0.4393939393939394,-0.2485470776345995,0.007450208802708381,0.31405,tem-1,Aspirin,class_a
233.25,-0.795,91.75,1.0,5.0,1.0,15.0,0.0,0.75,0.0,0.328,-0.48,2.0,2.335,0.8889,17.0,87.0,-0.1189,38.0,0.0,0.4393939393939394,-0.248470940583843,0.007433834812974013,0.61373,tem-1,Sulbactam,class_a
464.86,0.108,181.62,6.0,9.0,7.0,32.0,1.0,0.381,0.0,0.293,-0.508,0.0,4.245,1.0,15.0,177.0,-0.4063,78.0,0.0,0.4393939393939394,-0.2603555650188287,0.009379460648512706,0.39467,tem-1,Demeclocycline,class_a
332.35,-2.926,129.51,5.0,9.0,5.0,23.0,0.0,0.929,0.0,0.28,-0.39,0.0,3.186,0.8889,23.0,137.0,-0.4308,64.0,0.0,0.4393939393939394,-0.2472532977129056,0.007113303597414372,0.30858,tem-1,Spectinomycin,class_a
546.59,-1.299,191.22,3.0,12.0,10.0,37.0,2.0,0.318,0.0,0.35,-0.543,3.0,4.978,1.0,21.0,170.0,-0.3185,58.0,0.0,0.4393939393939394,-0.26134556810611187,0.009638652096096205,0.69759,tem-1,Ceftazidime,class_a
138.06,-0.091,70.06,2.0,4.0,3.0,8.0,0.0,1.0,0.0,0.356,-0.356,3.0,1.863,0.8889,9.0,44.0,-0.164,23.0,0.0,0.4393939393939394,-0.247592333209937,0.0071780401739586115,0.30971,tem-1,Fosfomycin,class_a
449.55,-3.977,213.72,8.0,12.0,13.0,31.0,0.0,1.0,0.0,0.211,-0.388,0.0,4.434,1.0,19.0,188.0,-0.5696,70.0,0.0,0.4393939393939394,-0.2582377616526106,0.008806889336860612,0.38752,tem-1,Gentamicin C1a,class_a
356.23,0.404,103.7,3.0,5.0,8.0,21.0,1.0,0.417,0.0,0.253,-0.394,0.0,4.352,1.0,13.0,120.0,-0.2647,46.0,0.0,0.4393939393939394,-0.25869704657117865,0.008918055876531716,0.38917,tem-1,Thiamphenicol,class_a
424.39,-0.536,173.76,3.0,10.0,7.0,29.0,1.0,0.312,0.0,0.404,-0.477,4.0,4.578,0.8889,24.0,150.0,-0.2643,61.0,0.0,0.4393939393939394,-0.2491150466323333,0.007581411750640107,0.61655,tem-1,Cefuroxime,class_a
454.52,-0.636,156.09,2.0,12.0,7.0,29.0,2.0,0.429,0.0,0.352,-0.477,5.0,4.693,1.0,28.0,171.0,-0.2487,69.0,0.0,0.4393939393939394,-0.26060301948993647,0.009419975526237018,0.69542,tem-1,Cefazolin,class_a
684.7,-0.115,223.24,4.0,16.0,13.0,43.0,3.0,0.273,0.0,0.429,-0.543,6.0,5.452,1.0,25.0,237.0,-0.3504,79.0,0.0,0.4393939393939394,-0.26220081727506894,0.009847423862005275,0.69989,tem-1,Ceftaroline,class_a
415.5,-0.318,93.42,1.0,6.0,6.0,28.0,2.0,0.263,0.0,0.253,-0.543,0.0,4.492,0.8889,18.0,144.0,-0.2619,53.0,0.0,0.4393939393939394,-0.24843757683015966,0.007464071325391678,0.61358,tem-1,Cephaloridine,class_a
378.41,0.486,124.01,3.0,7.0,5.0,26.0,1.0,0.412,0.0,0.327,-0.48,4.0,3.657,0.8889,16.0,146.0,-0.2485,61.0,0.0,0.4393939393939394,-0.24846236541659295,0.007431880789686478,0.61369,tem-1,Carbenicillin,class_a
414.48,2.484,95.94,2.0,6.0,5.0,29.0,2.0,0.381,0.0,0.327,-0.493,2.0,4.132,0.8889,16.0,150.0,-0.2454,48.0,0.0,0.4393939393939394,-0.24858384475557216,0.007466362409255402,0.61422,tem-1,Nafcillin,class_a
569.61,-7.524,297.72,12.0,16.0,19.0,39.0,0.0,0.955,0.0,0.25,-0.388,0.0,4.876,1.0,33.0,228.0,-0.6342,84.0,0.0,0.4393939393939394,-0.2586039080770721,0.008892769465084873,0.38884,tem-1,Isepamicin,class_a
1449.27,0.106,530.49,19.0,26.0,23.0,101.0,5.0,0.424,0.0,0.33,-0.508,2.0,7.28,0.8889,32.0,394.0,-0.5921,163.0,0.0,0.4393939393939394,-0.24875092283439848,0.007512467662196053,0.31495,tem-1,Vancomycin,class_a
484.5,-7.291,282.61,11.0,15.0,17.0,33.0,0.0,1.0,0.0,0.211,-0.394,0.0,4.191,0.8889,31.0,170.0,-0.6329,81.0,0.0,0.4393939393939394,-0.24673978348684322,0.007000290904327836,0.30651,tem-1,Kanamycin A,class_a
375.4,1.766,82.11,2.0,7.0,4.0,27.0,1.0,0.474,0.0,0.341,-0.492,2.0,3.931,0.8889,12.0,157.0,-0.2254,52.0,0.0,0.4393939393939394,-0.24869534712738428,0.007491258023070317,0.31469,tem-1,Gatifloxacin,class_a
435.44,-1.172,201.58,4.0,12.0,9.0,28.0,1.0,0.462,0.0,0.362,-0.478,3.0,4.108,1.0,24.0,147.0,-0.2181,54.0,0.0,0.4393939393939394,-0.26071900669620973,0.009448718976563747,0.69577,tem-1,Aztreonam,class_a
351.35,1.754,72.88,2.0,6.0,3.0,25.0,1.0,0.412,0.0,0.341,-0.477,2.0,3.839,0.8889,12.0,119.0,-0.1786,44.0,0.0,0.4393939393939394,-0.24855507907761876,0.007451541881565766,0.31408,tem-1,Lomefloxacin,class_a
274.18,2.048,22.0,0.0,1.0,1.0,16.0,3.0,0.0,0.0,0.0,0.0,0.0,3.049,0.8889,3.0,98.0,-0.0,42.0,0.0,0.4393939393939394,-0.21607312925759636,0.005881517379610871,0.25608,tem-1,Ebselen,class_a
225.16,0.974,98.18,0.0,6.0,3.0,16.0,1.0,0.25,0.0,0.433,-0.446,2.0,3.547,0.7778,18.0,91.0,-0.1141,35.0,0.0,0.4393939393939394,-0.23845724815743807,0.005812401834540053,0.25132,tem-1,Furazolidone,class_a
602.64,-0.611,242.98,9.0,13.0,16.0,43.0,1.0,0.517,0.0,0.32,-0.508,2.0,6.478,1.0,22.0,224.0,-0.5049,80.0,0.0,0.4393939393939394,-0.26062788267599934,0.009444183267165469,0.3955,tem-1,Lymecycline,class_a
517.78,5.251,66.84,1.0,6.0,6.0,36.0,0.0,0.867,0.0,0.316,-0.461,2.0,4.545,1.0,12.0,187.0,-0.3422,83.0,0.0,0.4393939393939394,-0.26005287433904556,0.009278324100182464,0.39371,tem-1,Retapamulin,class_a
334.4,0.861,86.71,2.0,5.0,4.0,23.0,1.0,0.438,0.0,0.327,-0.48,2.0,3.697,0.8889,14.0,106.0,-0.2073,38.0,0.0,0.4393939393939394,-0.24846236541659295,0.007431880789686478,0.61369,tem-1,Benzylpenicillin,class_a
1058.05,6.234,266.66,7.0,18.0,20.0,72.0,1.0,0.635,0.0,0.342,-0.505,6.0,7.911,1.0,17.0,293.0,-0.4974,113.0,0.0,0.4393939393939394,-0.2608195066036032,0.009488304397051272,0.39607,tem-1,Fidaxomicin,class_a
516.72,5.666,104.06,3.0,6.0,7.0,37.0,0.0,0.806,0.0,0.331,-0.478,4.0,4.79,1.0,10.0,180.0,-0.3176,64.0,0.0,0.4393939393939394,-0.26039738321338923,0.00937081515974279,0.39475,tem-1,Fusidic acid,class_a
156.19,2.144,25.78,0.0,2.0,1.0,12.0,2.0,0.0,0.0,0.089,-0.255,2.0,2.59,0.8889,5.0,74.0,-0.1449,31.0,0.0,0.4393939393939394,-0.2446736338682527,0.006479535670222825,0.29603,tem-1,"2,2'-Bipyridine",class_a
812.02,4.929,171.85,1.0,13.0,12.0,58.0,2.0,0.721,0.0,0.41,-0.458,6.0,6.413,1.0,17.0,241.0,-0.3632,122.0,0.0,0.4393939393939394,-0.2610054849841159,0.009509650898103003,0.39661,tem-1,Telithromycin,class_a
247.28,0.534,95.1,0.0,5.0,5.0,16.0,1.0,0.625,0.0,0.342,-0.358,1.0,2.897,0.8889,19.0,104.0,-0.0756,42.0,0.0,0.4393939393939394,-0.2474896834197562,0.007154719660855976,0.30956,tem-1,Tinidazole,class_a
480.57,-1.28,150.04,2.0,10.0,8.0,32.0,1.0,0.526,0.0,0.276,-0.543,1.0,4.927,1.0,19.0,166.0,-0.4062,75.0,0.0,0.4393939393939394,-0.2605921903197075,0.009459966007420079,0.69539,tem-1,Cefepime,class_a
370.59,5.886,6.48,0.0,4.0,4.0,25.0,2.0,0.429,0.0,0.066,-0.34,0.0,4.059,0.8889,7.0,147.0,-0.2155,49.0,0.0,0.4393939393939394,-0.24521432179744096,0.006640267629907253,0.30017,tem-1,Thioridazine,class_a
500.63,2.593,146.05,4.0,9.0,19.0,35.0,0.0,0.846,0.0,0.33,-0.481,4.0,6.598,0.8889,12.0,208.0,-0.3916,75.0,0.0,0.4393939393939394,-0.24849742935198904,0.007440389273682841,0.31383,tem-1,Mupirocin,class_a
370.34,1.396,106.26,1.0,7.0,5.0,27.0,3.0,0.235,0.0,0.414,-0.441,5.0,5.289,1.0,10.0,126.0,-0.1578,50.0,0.0,0.4393939393939394,-0.2608574869311937,0.009465672364565513,0.39614,tem-1,Tedizolid,class_a
457.48,0.03,164.63,5.0,9.0,7.0,33.0,1.0,0.435,0.0,0.293,-0.508,0.0,4.26,1.0,18.0,169.0,-0.3598,70.0,0.0,0.4393939393939394,-0.2603555650188287,0.009379460648512706,0.39467,tem-1,Minocycline,class_a
383.47,-0.308,110.18,3.0,7.0,6.0,26.0,0.0,0.706,0.0,0.353,-0.477,2.0,4.177,1.0,18.0,152.0,-0.3381,66.0,0.0,0.4393939393939394,-0.2606134426731401,0.009422506229632773,0.69545,tem-1,Meropenem,class_a
180.28,1.668,38.91,1.0,2.0,3.0,12.0,1.0,0.333,0.0,0.157,-0.389,1.0,2.888,0.7778,6.0,82.0,-0.1945,32.0,0.0,0.4393939393939394,-0.2361445093661505,0.0052995585545468574,0.24637,tem-1,Prothionamide,class_a
455.47,-0.622,173.51,3.0,12.0,8.0,30.0,1.0,0.375,0.0,0.352,-0.477,5.0,4.803,1.0,28.0,147.0,-0.2617,58.0,0.0,0.4393939393939394,-0.26060301948993647,0.009419975526237018,0.69542,tem-1,Cefotaxime,class_a
1816.72,4.168,572.51,21.0,30.0,33.0,128.0,7.0,0.42,0.0,0.335,-0.508,2.0,8.257,1.0,44.0,410.0,-0.6753,158.0,0.0,0.4393939393939394,-0.26078169767427894,0.009481027964197362,0.39596,tem-1,Dalbavancin,class_a
259.35,2.578,41.49,2.0,3.0,7.0,19.0,2.0,0.375,0.0,0.211,-0.49,0.0,3.953,0.8889,7.0,93.0,-0.2943,37.0,0.0,0.4393939393939394,-0.2476039988166434,0.007246377077234543,0.3095,tem-1,Propranolol,class_a
337.35,1.124,71.11,1.0,5.0,4.0,24.0,1.0,0.5,0.0,0.414,-0.442,2.0,4.659,1.0,13.0,128.0,-0.2267,46.0,0.0,0.4393939393939394,-0.2608687123527691,0.009468878359367088,0.39621,tem-1,Linezolid,class_a
384.43,0.548,124.01,3.0,8.0,5.0,25.0,1.0,0.467,0.0,0.327,-0.48,4.0,4.257,0.8889,19.0,139.0,-0.2428,44.0,0.0,0.4393939393939394,-0.24846236541659295,0.007431880789686478,0.61369,tem-1,Ticarcillin,class_a
478.88,0.282,181.62,6.0,9.0,7.0,33.0,1.0,0.409,0.0,0.293,-0.508,0.0,4.132,0.8889,21.0,169.0,-0.2954,82.0,0.0,0.4393939393939394,-0.24843641646165437,0.00744153000695163,0.31358,tem-1,Chlortetracycline,class_a
1203.5,-5.245,490.66,18.0,18.0,36.0,85.0,1.0,0.696,0.0,0.245,-0.391,0.0,7.894,1.0,35.0,343.0,-0.6695,113.0,0.0,0.4393939393939394,-0.2585885691039138,0.008890797849412912,0.38879,tem-1,Polymyxin B1,class_a
470.33,3.202,112.74,2.0,7.0,4.0,30.0,2.0,0.368,0.0,0.327,-0.48,3.0,4.2,0.8889,20.0,140.0,-0.2049,58.0,0.0,0.4393939393939394,-0.24846236541659295,0.007431880789686478,0.61369,tem-1,Dicloxacillin,class_a
514.59,-1.044,153.92,2.0,10.0,8.0,35.0,2.0,0.364,0.0,0.276,-0.543,1.0,5.29,0.8889,21.0,183.0,-0.2759,66.0,0.0,0.4393939393939394,-0.24862689940797722,0.007505815260728592,0.6144,tem-1,Cefpirome,class_a
467.52,-6.296,268.17,10.0,14.0,16.0,32.0,0.0,1.0,0.0,0.211,-0.394,0.0,4.239,1.0,20.0,144.0,-0.5514,57.0,0.0,0.4393939393939394,-0.2583020393038744,0.008825419672867043,0.38775,tem-1,Tobramycin,class_a
318.87,4.894,6.48,0.0,3.0,4.0,21.0,2.0,0.294,0.0,0.066,-0.34,0.0,3.685,0.8889,5.0,132.0,-0.2005,55.0,0.0,0.4393939393939394,-0.24521432179744096,0.006640267629907253,0.29795,tem-1,Chlorpromazine,class_a
493.75,4.968,66.84,1.0,6.0,10.0,34.0,0.0,0.857,0.0,0.316,-0.461,2.0,4.629,1.0,13.0,221.0,-0.3279,96.0,0.0,0.43103448275862066,-0.25939456076333833,0.009156371835533824,0.36755,kpc-2,Tiamulin,class_a
395.42,-0.172,158.21,4.0,10.0,7.0,26.0,1.0,0.214,0.0,0.352,-0.477,3.0,4.05,1.0,27.0,235.0,-0.3152,105.0,0.0,0.43103448275862066,-0.25994128046857945,0.009296737170199614,0.67595,kpc-2,Cefdinir,class_a
172.21,-0.084,86.18,2.0,3.0,3.0,11.0,1.0,0.0,0.0,0.238,-0.399,0.0,2.466,1.0,15.0,96.0,-0.2137,44.0,0.0,0.43103448275862066,-0.2579623264739297,0.008782526114631858,0.34499,kpc-2,Sulfanilamide,class_a
427.46,-0.539,156.44,3.0,11.0,8.0,28.0,1.0,0.4,0.0,0.352,-0.477,3.0,4.514,1.0,26.0,169.0,-0.3072,70.0,0.0,0.43103448275862066,-0.25994128046857945,0.009296737170199614,0.67595,kpc-2,Cefpodoxime,class_a
454.61,5.093,63.95,0.0,6.0,13.0,33.0,2.0,0.519,0.0,0.161,-0.493,0.0,5.785,0.875,10.0,116.0,-0.2511,59.0,0.0,0.43103448275862066,-0.24536702620649287,0.00685646933811275,0.26504,kpc-2,Verapamil,class_a
266.34,0.452,84.58,3.0,4.0,9.0,19.0,1.0,0.5,0.0,0.221,-0.491,0.0,4.546,1.0,11.0,127.0,-0.3101,51.0,0.0,0.43103448275862066,-0.2588006874387947,0.009035510851337311,0.35806,kpc-2,Atenolol,class_a
337.46,-0.768,175.83,4.0,6.0,8.0,20.0,1.0,0.375,0.0,0.318,-0.386,1.0,3.613,1.0,27.0,152.0,-0.3489,78.0,0.0,0.43103448275862066,-0.258602969083924,0.008928823933942868,0.35493,kpc-2,Famotidine,class_a
331.35,1.369,72.88,2.0,6.0,3.0,24.0,1.0,0.412,0.0,0.341,-0.477,2.0,3.795,1.0,17.0,219.0,-0.2831,109.0,0.0,0.43103448275862066,-0.25982729848838026,0.009269150892649776,0.37424,kpc-2,Ciprofloxacin,class_a
877.05,5.648,220.15,6.0,15.0,10.0,63.0,2.0,0.574,0.0,0.312,-0.507,2.0,5.493,1.0,31.0,330.0,-0.5936,166.0,0.0,0.43103448275862066,-0.2598680570260097,0.009296251387670712,0.37485,kpc-2,Rifapentine,class_a
232.24,1.381,70.5,1.0,5.0,2.0,17.0,1.0,0.25,0.0,0.341,-0.477,3.0,3.008,1.0,12.0,141.0,-0.1699,65.0,0.0,0.43103448275862066,-0.25982729848838026,0.009269150892649776,0.37423,kpc-2,Nalidixic acid,class_a
347.4,0.445,112.73,3.0,6.0,5.0,24.0,1.0,0.312,0.0,0.352,-0.477,2.0,4.027,1.0,21.0,186.0,-0.2909,82.0,0.0,0.43103448275862066,-0.25994128046857945,0.009296737170199614,0.67595,kpc-2,Cephalexin,class_a
180.16,1.31,63.6,1.0,4.0,2.0,13.0,1.0,0.111,0.0,0.339,-0.478,4.0,2.428,1.0,10.0,113.0,-0.1939,52.0,0.0,0.43103448275862066,-0.2598178435061289,0.00926740609085116,0.37405,kpc-2,Aspirin,class_a
233.25,-0.795,91.75,1.0,5.0,1.0,15.0,0.0,0.75,0.0,0.328,-0.48,2.0,2.335,1.0,20.0,136.0,-0.2013,56.0,0.0,0.43103448275862066,-0.2597273367790187,0.009246711615889244,0.67272,kpc-2,Sulbactam,class_a
464.86,0.108,181.62,6.0,9.0,7.0,32.0,1.0,0.381,0.0,0.293,-0.508,0.0,4.245,1.0,17.0,280.0,-0.4287,116.0,0.0,0.43103448275862066,-0.2596885471321624,0.009254319123320729,0.37213,kpc-2,Demeclocycline,class_a
332.35,-2.926,129.51,5.0,9.0,5.0,23.0,0.0,0.929,0.0,0.28,-0.39,0.0,3.186,1.0,20.0,194.0,-0.4484,84.0,0.0,0.43103448275862066,-0.25826975517108863,0.008850578840549597,0.34969,kpc-2,Spectinomycin,class_a
546.59,-1.299,191.22,3.0,12.0,10.0,37.0,2.0,0.318,0.0,0.35,-0.543,3.0,4.978,1.0,31.0,227.0,-0.3911,85.0,0.0,0.43103448275862066,-0.2606710899617184,0.00951069048075613,0.68615,kpc-2,Ceftazidime,class_a
138.06,-0.091,70.06,2.0,4.0,3.0,8.0,0.0,1.0,0.0,0.356,-0.356,3.0,1.863,1.0,12.0,79.0,-0.1959,35.0,0.0,0.43103448275862066,-0.258672751067186,0.008934044967296105,0.35603,kpc-2,Fosfomycin,class_a
449.55,-3.977,213.72,8.0,12.0,13.0,31.0,0.0,1.0,0.0,0.211,-0.388,0.0,4.434,1.0,29.0,241.0,-0.6427,99.0,0.0,0.43103448275862066,-0.25759397469856893,0.008690272596553524,0.33961,kpc-2,Gentamicin C1a,class_a
356.23,0.404,103.7,3.0,5.0,8.0,21.0,1.0,0.417,0.0,0.253,-0.394,0.0,4.352,1.0,20.0,190.0,-0.3185,77.0,0.0,0.43103448275862066,-0.2580517532434463,0.00880087123527749,0.34634,kpc-2,Thiamphenicol,class_a
424.39,-0.536,173.76,3.0,10.0,7.0,29.0,1.0,0.312,0.0,0.404,-0.477,4.0,4.578,1.0,23.0,171.0,-0.3439,85.0,0.0,0.43103448275862066,-0.26049394804436155,0.009432122140731742,0.6838,kpc-2,Cefuroxime,class_a
454.52,-0.636,156.09,2.0,12.0,7.0,29.0,2.0,0.429,0.0,0.352,-0.477,5.0,4.693,1.0,27.0,200.0,-0.2462,63.0,0.0,0.43103448275862066,-0.25994128046857945,0.009296737170199614,0.67595,kpc-2,Cefazolin,class_a
684.7,-0.115,223.24,4.0,16.0,13.0,43.0,3.0,0.273,0.0,0.429,-0.543,6.0,5.452,1.0,40.0,323.0,-0.5026,144.0,0.0,0.43103448275862066,-0.2615253953808221,0.009719036625298317,0.69607,kpc-2,Ceftaroline,class_a
415.5,-0.318,93.42,1.0,6.0,6.0,28.0,2.0,0.263,0.0,0.253,-0.543,0.0,4.492,1.0,25.0,233.0,-0.3801,98.0,0.0,0.43103448275862066,-0.259693368495892,0.009279953113148859,0.6722,kpc-2,Cephaloridine,class_a
378.41,0.486,124.01,3.0,7.0,5.0,26.0,1.0,0.412,0.0,0.327,-0.48,4.0,3.657,1.0,22.0,187.0,-0.3236,93.0,0.0,0.43103448275862066,-0.2597171265088498,0.009244259103755736,0.67256,kpc-2,Carbenicillin,class_a
414.48,2.484,95.94,2.0,6.0,5.0,29.0,2.0,0.381,0.0,0.327,-0.493,2.0,4.132,1.0,14.0,188.0,-0.2869,96.0,0.0,0.43103448275862066,-0.25986275066538944,0.009286594311283026,0.67477,kpc-2,Nafcillin,class_a
569.61,-7.524,297.72,12.0,16.0,19.0,39.0,0.0,0.955,0.0,0.25,-0.388,0.0,4.876,1.0,28.0,290.0,-0.6875,105.0,0.0,0.43103448275862066,-0.25795972846072246,0.00877598671846366,0.34495,kpc-2,Isepamicin,class_a
1449.27,0.106,530.49,19.0,26.0,23.0,101.0,5.0,0.424,0.0,0.33,-0.508,2.0,7.28,1.0,43.0,405.0,-0.5844,175.0,0.0,0.43103448275862066,-0.26006280033004536,0.009343356896665413,0.37774,kpc-2,Vancomycin,class_a
484.5,-7.291,282.61,11.0,15.0,17.0,33.0,0.0,1.0,0.0,0.211,-0.394,0.0,4.191,1.0,32.0,267.0,-0.6946,105.0,0.0,0.43103448275862066,-0.2576571693429095,0.008708414090940109,0.34051,kpc-2,Kanamycin A,class_a
375.4,1.766,82.11,2.0,7.0,4.0,27.0,1.0,0.474,0.0,0.341,-0.492,2.0,3.931,1.0,15.0,238.0,-0.3615,101.0,0.0,0.43103448275862066,-0.25999539300910257,0.009317912757341009,0.37675,kpc-2,Gatifloxacin,class_a
435.44,-1.172,201.58,4.0,12.0,9.0,28.0,1.0,0.462,0.0,0.362,-0.478,3.0,4.108,1.0,38.0,214.0,-0.2787,76.0,0.0,0.43103448275862066,-0.2600569623499833,0.009325359417337324,0.67765,kpc-2,Aztreonam,class_a
351.35,1.754,72.88,2.0,6.0,3.0,25.0,1.0,0.412,0.0,0.341,-0.477,2.0,3.839,1.0,14.0,225.0,-0.2482,80.0,0.0,0.43103448275862066,-0.25982729848838026,0.009269150892649776,0.37424,kpc-2,Lomefloxacin,class_a
274.18,2.048,22.0,0.0,1.0,1.0,16.0,3.0,0.0,0.0,0.0,0.0,0.0,3.049,1.0,7.0,118.0,-0.0,74.0,0.0,0.43103448275862066,-0.2521416333422515,0.0072689800642057115,0.30261,kpc-2,Ebselen,class_a
225.16,0.974,98.18,0.0,6.0,3.0,16.0,1.0,0.25,0.0,0.433,-0.446,2.0,3.547,1.0,20.0,146.0,-0.0856,55.0,0.0,0.43103448275862066,-0.2604657971373907,0.00941254725888244,0.38342,kpc-2,Furazolidone,class_a
602.64,-0.611,242.98,9.0,13.0,16.0,43.0,1.0,0.517,0.0,0.32,-0.508,2.0,6.478,1.0,22.0,248.0,-0.449,109.0,0.0,0.43103448275862066,-0.25996057152057617,0.009318914227709429,0.37623,kpc-2,Lymecycline,class_a
517.78,5.251,66.84,1.0,6.0,6.0,36.0,0.0,0.867,0.0,0.316,-0.461,2.0,4.545,1.0,12.0,227.0,-0.35,95.0,0.0,0.43103448275862066,-0.25939456076333833,0.009156371835533824,0.36754,kpc-2,Retapamulin,class_a
334.4,0.861,86.71,2.0,5.0,4.0,23.0,1.0,0.438,0.0,0.327,-0.48,2.0,3.697,1.0,16.0,161.0,-0.272,68.0,0.0,0.43103448275862066,-0.2597171265088498,0.009244259103755736,0.67256,kpc-2,Benzylpenicillin,class_a
1058.05,6.234,266.66,7.0,18.0,20.0,72.0,1.0,0.635,0.0,0.342,-0.505,6.0,7.911,1.0,18.0,242.0,-0.4422,108.0,0.0,0.43103448275862066,-0.26015252837748193,0.00936314172402368,0.37904,kpc-2,Fidaxomicin,class_a
516.72,5.666,104.06,3.0,6.0,7.0,37.0,0.0,0.806,0.0,0.331,-0.478,4.0,4.79,1.0,12.0,310.0,-0.5034,153.0,0.0,0.43103448275862066,-0.2597356929781398,0.009247612541738452,0.37284,kpc-2,Fusidic acid,class_a
156.19,2.144,25.78,0.0,2.0,1.0,12.0,2.0,0.0,0.0,0.089,-0.255,2.0,2.59,1.0,6.0,107.0,-0.1776,38.0,0.0,0.43103448275862066,-0.2551778234786326,0.008063116684112309,0.31313,kpc-2,"2,2'-Bipyridine",class_a
812.02,4.929,171.85,1.0,13.0,12.0,58.0,2.0,0.721,0.0,0.41,-0.458,6.0,6.413,1.0,25.0,340.0,-0.4786,142.0,0.0,0.43103448275862066,-0.2603466365196567,0.009387413729450678,0.38179,kpc-2,Telithromycin,class_a
247.28,0.534,95.1,0.0,5.0,5.0,16.0,1.0,0.625,0.0,0.342,-0.358,1.0,2.897,1.0,21.0,149.0,-0.1901,76.0,0.0,0.43103448275862066,-0.2585502715749115,0.008904647579726203,0.35409,kpc-2,Tinidazole,class_a
480.57,-1.28,150.04,2.0,10.0,8.0,32.0,1.0,0.526,0.0,0.276,-0.543,1.0,4.927,1.0,26.0,212.0,-0.427,76.0,0.0,0.43103448275862066,-0.25991851925708254,0.009332355902519539,0.67561,kpc-2,Cefepime,class_a
370.59,5.886,6.48,0.0,4.0,4.0,25.0,2.0,0.429,0.0,0.066,-0.34,0.0,4.059,1.0,8.0,189.0,-0.2863,76.0,0.0,0.43103448275862066,-0.2558308075435143,0.00825976665699073,0.31913,kpc-2,Thioridazine,class_a
500.63,2.593,146.05,4.0,9.0,19.0,35.0,0.0,0.846,0.0,0.33,-0.481,4.0,6.598,1.0,13.0,149.0,-0.4002,62.0,0.0,0.43103448275862066,-0.2597589509524809,0.009254866064521292,0.3732,kpc-2,Mupirocin,class_a
370.34,1.396,106.26,1.0,7.0,5.0,27.0,3.0,0.235,0.0,0.414,-0.441,5.0,5.289,1.0,11.0,214.0,-0.2206,89.0,0.0,0.43103448275862066,-0.260201759509588,0.009344568445923853,0.37973,kpc-2,Tedizolid,class_a
457.48,0.03,164.63,5.0,9.0,7.0,33.0,1.0,0.435,0.0,0.293,-0.508,0.0,4.26,1.0,24.0,296.0,-0.4447,118.0,0.0,0.43103448275862066,-0.2596885471321624,0.009254319123320729,0.37213,kpc-2,Minocycline,class_a
383.47,-0.308,110.18,3.0,7.0,6.0,26.0,0.0,0.706,0.0,0.353,-0.477,2.0,4.177,1.0,18.0,188.0,-0.2855,99.0,0.0,0.43103448275862066,-0.2599516921466627,0.00929926276087692,0.6761,kpc-2,Meropenem,class_a
180.28,1.668,38.91,1.0,2.0,3.0,12.0,1.0,0.333,0.0,0.157,-0.389,1.0,2.888,1.0,8.0,115.0,-0.2071,46.0,0.0,0.43103448275862066,-0.2571153876469108,0.008580602424169241,0.33292,kpc-2,Prothionamide,class_a
455.47,-0.622,173.51,3.0,12.0,8.0,30.0,1.0,0.375,0.0,0.352,-0.477,5.0,4.803,1.0,27.0,207.0,-0.261,78.0,0.0,0.43103448275862066,-0.25994128046857945,0.009296737170199614,0.67595,kpc-2,Cefotaxime,class_a
1816.72,4.168,572.51,21.0,30.0,33.0,128.0,7.0,0.42,0.0,0.335,-0.508,2.0,8.257,1.0,48.0,569.0,-0.7768,223.0,0.0,0.43103448275862066,-0.2601142195286652,0.00935568563349145,0.37849,kpc-2,Dalbavancin,class_a
259.35,2.578,41.49,2.0,3.0,7.0,19.0,2.0,0.375,0.0,0.211,-0.49,0.0,3.953,1.0,8.0,141.0,-0.3041,62.0,0.0,0.43103448275862066,-0.25869581975838685,0.009010652184367019,0.35618,kpc-2,Propranolol,class_a
337.35,1.124,71.11,1.0,5.0,4.0,24.0,1.0,0.5,0.0,0.414,-0.442,2.0,4.659,1.0,16.0,179.0,-0.2594,79.0,0.0,0.43103448275862066,-0.260212799295255,0.009347706914461724,0.3799,kpc-2,Linezolid,class_a
384.43,0.548,124.01,3.0,8.0,5.0,25.0,1.0,0.467,0.0,0.327,-0.48,4.0,4.257,1.0,26.0,198.0,-0.2905,85.0,0.0,0.43103448275862066,-0.2597171265088498,0.009244259103755736,0.67256,kpc-2,Ticarcillin,class_a
478.88,0.282,181.62,6.0,9.0,7.0,33.0,1.0,0.409,0.0,0.293,-0.508,0.0,4.132,1.0,17.0,238.0,-0.4401,85.0,0.0,0.43103448275862066,-0.2596885471321624,0.009254319123320729,0.37213,kpc-2,Chlortetracycline,class_a
1203.5,-5.245,490.66,18.0,18.0,36.0,85.0,1.0,0.696,0.0,0.245,-0.391,0.0,7.894,1.0,36.0,368.0,-0.7026,137.0,0.0,0.43103448275862066,-0.25794389986853616,0.00877384284209608,0.34471,kpc-2,Polymyxin B1,class_a
470.33,3.202,112.74,2.0,7.0,4.0,30.0,2.0,0.368,0.0,0.327,-0.48,3.0,4.2,1.0,26.0,240.0,-0.2,102.0,0.0,0.43103448275862066,-0.2597171265088498,0.009244259103755736,0.67256,kpc-2,Dicloxacillin,class_a
514.59,-1.044,153.92,2.0,10.0,8.0,35.0,2.0,0.364,0.0,0.276,-0.543,1.0,5.29,1.0,24.0,253.0,-0.3376,97.0,0.0,0.43103448275862066,-0.25991851925708254,0.009332355902519539,0.67561,kpc-2,Cefpirome,class_a
467.52,-6.296,268.17,10.0,14.0,16.0,32.0,0.0,1.0,0.0,0.211,-0.394,0.0,4.239,1.0,32.0,263.0,-0.6975,90.0,0.0,0.43103448275862066,-0.2576571693429095,0.008708414090940109,0.34051,kpc-2,Tobramycin,class_a
318.87,4.894,6.48,0.0,3.0,4.0,21.0,2.0,0.294,0.0,0.066,-0.34,0.0,3.685,1.0,8.0,148.0,-0.2274,60.0,0.0,0.43103448275862066,-0.2558308075435143,0.00825976665699073,0.31913,kpc-2,Chlorpromazine,class_a
493.75,4.968,66.84,1.0,6.0,10.0,34.0,0.0,0.857,0.0,0.316,-0.461,2.0,4.629,1.0,16.0,328.0,-0.4118,151.0,0.0,0.4126984126984127,-0.2579747495327389,0.008894473582042988,0.36628,ctx-m-14,Tiamulin,class_a
395.42,-0.172,158.21,4.0,10.0,7.0,26.0,1.0,0.214,0.0,0.352,-0.477,3.0,4.05,1.0,25.0,263.0,-0.3539,101.0,0.0,0.4126984126984127,-0.25851410172379374,0.009032080382256641,0.67911,ctx-m-14,Cefdinir,class_a
172.21,-0.084,86.18,2.0,3.0,3.0,11.0,1.0,0.0,0.0,0.238,-0.399,0.0,2.466,1.0,16.0,119.0,-0.2004,63.0,0.0,0.4126984126984127,-0.25656887847677723,0.008530282621820175,0.33315,ctx-m-14,Sulfanilamide,class_a
427.46,-0.539,156.44,3.0,11.0,8.0,28.0,1.0,0.4,0.0,0.352,-0.477,3.0,4.514,1.0,30.0,268.0,-0.3244,118.0,0.0,0.4126984126984127,-0.25851410172379374,0.009032080382256641,0.67911,ctx-m-14,Cefpodoxime,class_a
454.61,5.093,63.95,0.0,6.0,13.0,33.0,2.0,0.519,0.0,0.161,-0.493,0.0,5.785,1.0,7.0,322.0,-0.3807,138.0,0.0,0.4126984126984127,-0.25684123277501136,0.008650849007041978,0.33834,ctx-m-14,Verapamil,class_a
266.34,0.452,84.58,3.0,4.0,9.0,19.0,1.0,0.5,0.0,0.221,-0.491,0.0,4.546,1.0,14.0,181.0,-0.3641,60.0,0.0,0.4126984126984127,-0.25737084036906666,0.008770075154096127,0.35124,ctx-m-14,Atenolol,class_a
337.46,-0.768,175.83,4.0,6.0,8.0,20.0,1.0,0.375,0.0,0.318,-0.386,1.0,3.613,1.0,27.0,214.0,-0.3815,90.0,0.0,0.4126984126984127,-0.2572126984775558,0.008677578849148451,0.34741,ctx-m-14,Famotidine,class_a
331.35,1.369,72.88,2.0,6.0,3.0,24.0,1.0,0.412,0.0,0.341,-0.477,2.0,3.795,1.0,12.0,208.0,-0.2165,84.0,0.0,0.4126984126984127,-0.25840039468706877,0.009004616089793454,0.37651,ctx-m-14,Ciprofloxacin,class_a
877.05,5.648,220.15,6.0,15.0,10.0,63.0,2.0,0.574,0.0,0.312,-0.507,2.0,5.493,1.0,25.0,429.0,-0.5814,179.0,0.0,0.4126984126984127,-0.2584295440551738,0.009027499728966513,0.37719,ctx-m-14,Rifapentine,class_a
232.24,1.381,70.5,1.0,5.0,2.0,17.0,1.0,0.25,0.0,0.341,-0.477,3.0,3.008,1.0,21.0,203.0,-0.2308,83.0,0.0,0.4126984126984127,-0.25840039468706877,0.009004616089793454,0.37652,ctx-m-14,Nalidixic acid,class_a
347.4,0.445,112.73,3.0,6.0,5.0,24.0,1.0,0.312,0.0,0.352,-0.477,2.0,4.027,1.0,20.0,259.0,-0.3512,104.0,0.0,0.4126984126984127,-0.25851410172379374,0.009032080382256641,0.67911,ctx-m-14,Cephalexin,class_a
180.16,1.31,63.6,1.0,4.0,2.0,13.0,1.0,0.111,0.0,0.339,-0.478,4.0,2.428,1.0,14.0,154.0,-0.1716,66.0,0.0,0.4126984126984127,-0.25839058229696477,0.009002744222813674,0.37629,ctx-m-14,Aspirin,class_a
233.25,-0.795,91.75,1.0,5.0,1.0,15.0,0.0,0.75,0.0,0.328,-0.48,2.0,2.335,1.0,22.0,182.0,-0.1654,82.0,0.0,0.4126984126984127,-0.25829953148809714,0.008981870718732939,0.67416,ctx-m-14,Sulbactam,class_a
464.86,0.108,181.62,6.0,9.0,7.0,32.0,1.0,0.381,0.0,0.293,-0.508,0.0,4.245,1.0,24.0,285.0,-0.4458,108.0,0.0,0.4126984126984127,-0.25825006932024586,0.00898560981235757,0.37298,ctx-m-14,Demeclocycline,class_a
332.35,-2.926,129.51,5.0,9.0,5.0,23.0,0.0,0.929,0.0,0.28,-0.39,0.0,3.186,1.0,28.0,261.0,-0.5118,103.0,0.0,0.4126984126984127,-0.25687884437274633,0.008599176286140462,0.3397,ctx-m-14,Spectinomycin,class_a
546.59,-1.299,191.22,3.0,12.0,10.0,37.0,2.0,0.318,0.0,0.35,-0.543,3.0,4.978,1.0,28.0,310.0,-0.4885,114.0,0.0,0.4126984126984127,-0.2592165790146712,0.0092359393248058,0.6932,ctx-m-14,Ceftazidime,class_a
138.06,-0.091,70.06,2.0,4.0,3.0,8.0,0.0,1.0,0.0,0.356,-0.356,3.0,1.863,1.0,14.0,107.0,-0.2211,41.0,0.0,0.4126984126984127,-0.2572930137770175,0.008686461820218802,0.34935,ctx-m-14,Fosfomycin,class_a
449.55,-3.977,213.72,8.0,12.0,13.0,31.0,0.0,1.0,0.0,0.211,-0.388,0.0,4.434,1.0,28.0,319.0,-0.6886,135.0,0.0,0.4126984126984127,-0.2562053843294301,0.008439805520208662,0.32638,ctx-m-14,Gentamicin C1a,class_a
356.23,0.404,103.7,3.0,5.0,8.0,21.0,1.0,0.417,0.0,0.253,-0.394,0.0,4.352,1.0,17.0,174.0,-0.3112,90.0,0.0,0.4126984126984127,-0.25665991208661865,0.008549180535310933,0.335,ctx-m-14,Thiamphenicol,class_a
424.39,-0.536,173.76,3.0,10.0,7.0,29.0,1.0,0.312,0.0,0.404,-0.477,4.0,4.578,1.0,33.0,304.0,-0.3908,133.0,0.0,0.4126984126984127,-0.2590654194867916,0.009166857846988343,0.69048,ctx-m-14,Cefuroxime,class_a
454.52,-0.636,156.09,2.0,12.0,7.0,29.0,2.0,0.429,0.0,0.352,-0.477,5.0,4.693,1.0,40.0,260.0,-0.298,100.0,0.0,0.4126984126984127,-0.25851410172379374,0.009032080382256641,0.67911,ctx-m-14,Cefazolin,class_a
684.7,-0.115,223.24,4.0,16.0,13.0,43.0,3.0,0.273,0.0,0.429,-0.543,6.0,5.452,1.0,43.0,377.0,-0.4772,155.0,0.0,0.4126984126984127,-0.26006881943684235,0.009443353122131943,0.70515,ctx-m-14,Ceftaroline,class_a
415.5,-0.318,93.42,1.0,6.0,6.0,28.0,2.0,0.263,0.0,0.253,-0.543,0.0,4.492,1.0,22.0,282.0,-0.373,114.0,0.0,0.4126984126984127,-0.2582411424897,0.009006193518414555,0.67277,ctx-m-14,Cephaloridine,class_a
378.41,0.486,124.01,3.0,7.0,5.0,26.0,1.0,0.412,0.0,0.327,-0.48,4.0,3.657,1.0,23.0,244.0,-0.3123,114.0,0.0,0.4126984126984127,-0.258289345649775,0.008979428953646899,0.67392,ctx-m-14,Carbenicillin,class_a
414.48,2.484,95.94,2.0,6.0,5.0,29.0,2.0,0.381,0.0,0.327,-0.493,2.0,4.132,1.0,27.0,294.0,-0.3421,110.0,0.0,0.4126984126984127,-0.25842965019440634,0.00901981163622085,0.67719,ctx-m-14,Nafcillin,class_a
569.61,-7.524,297.72,12.0,16.0,19.0,39.0,0.0,0.955,0.0,0.25,-0.388,0.0,4.876,1.0,31.0,318.0,-0.6569,126.0,0.0,0.4126984126984127,-0.25657027885145034,0.00852515597317258,0.33318,ctx-m-14,Isepamicin,class_a
1449.27,0.106,530.49,19.0,26.0,23.0,101.0,5.0,0.424,0.0,0.33,-0.508,2.0,7.28,1.0,40.0,590.0,-0.6648,223.0,0.0,0.4126984126984127,-0.25862343786863917,0.00907426159455541,0.38154,ctx-m-14,Vancomycin,class_a
484.5,-7.291,282.61,11.0,15.0,17.0,33.0,0.0,1.0,0.0,0.211,-0.394,0.0,4.191,1.0,35.0,310.0,-0.7133,103.0,0.0,0.4126984126984127,-0.2562662546193639,0.008457115660483655,0.32744,ctx-m-14,Kanamycin A,class_a
375.4,1.766,82.11,2.0,7.0,4.0,27.0,1.0,0.474,0.0,0.341,-0.492,2.0,3.931,1.0,20.0,280.0,-0.3347,128.0,0.0,0.4126984126984127,-0.2585623589292396,0.009051129255801448,0.38019,ctx-m-14,Gatifloxacin,class_a
435.44,-1.172,201.58,4.0,12.0,9.0,28.0,1.0,0.462,0.0,0.362,-0.478,3.0,4.108,1.0,35.0,259.0,-0.27,100.0,0.0,0.4126984126984127,-0.2586291235628977,0.009060440837406498,0.68166,ctx-m-14,Aztreonam,class_a
351.35,1.754,72.88,2.0,6.0,3.0,25.0,1.0,0.412,0.0,0.341,-0.477,2.0,3.839,1.0,11.0,243.0,-0.228,119.0,0.0,0.4126984126984127,-0.25840039468706877,0.009004616089793454,0.3765,ctx-m-14,Lomefloxacin,class_a
274.18,2.048,22.0,0.0,1.0,1.0,16.0,3.0,0.0,0.0,0.0,0.0,0.0,3.049,1.0,9.0,195.0,-0.0,72.0,0.0,0.4126984126984127,-0.2508922380445302,0.0070661677793824925,0.3003,ctx-m-14,Ebselen,class_a
225.16,0.974,98.18,0.0,6.0,3.0,16.0,1.0,0.25,0.0,0.433,-0.446,2.0,3.547,1.0,23.0,198.0,-0.1379,83.0,0.0,0.4126984126984127,-0.2590489704841161,0.009151472181021556,0.39018,ctx-m-14,Furazolidone,class_a
602.64,-0.611,242.98,9.0,13.0,16.0,43.0,1.0,0.517,0.0,0.32,-0.508,2.0,6.478,1.0,21.0,351.0,-0.5324,162.0,0.0,0.4126984126984127,-0.2585214519483561,0.009049925534999337,0.37928,ctx-m-14,Lymecycline,class_a
517.78,5.251,66.84,1.0,6.0,6.0,36.0,0.0,0.867,0.0,0.316,-0.461,2.0,4.545,1.0,16.0,312.0,-0.3981,123.0,0.0,0.4126984126984127,-0.2579747495327389,0.008894473582042988,0.36628,ctx-m-14,Retapamulin,class_a
334.4,0.861,86.71,2.0,5.0,4.0,23.0,1.0,0.438,0.0,0.327,-0.48,2.0,3.697,1.0,19.0,192.0,-0.2811,102.0,0.0,0.4126984126984127,-0.258289345649775,0.008979428953646899,0.67392,ctx-m-14,Benzylpenicillin,class_a
1058.05,6.234,266.66,7.0,18.0,20.0,72.0,1.0,0.635,0.0,0.342,-0.505,6.0,7.911,1.0,29.0,492.0,-0.5645,193.0,0.0,0.4126984126984127,-0.2587141126772359,0.009094374586599244,0.38349,ctx-m-14,Fidaxomicin,class_a
516.72,5.666,104.06,3.0,6.0,7.0,37.0,0.0,0.806,0.0,0.331,-0.478,4.0,4.79,1.0,15.0,307.0,-0.3864,94.0,0.0,0.4126984126984127,-0.25830862900238927,0.008983037729410663,0.37437,ctx-m-14,Fusidic acid,class_a
156.19,2.144,25.78,0.0,2.0,1.0,12.0,2.0,0.0,0.0,0.089,-0.255,2.0,2.59,1.0,6.0,153.0,-0.1903,65.0,0.0,0.4126984126984127,-0.2538412651914719,0.007831070706680859,0.30331,ctx-m-14,"2,2'-Bipyridine",class_a
812.02,4.929,171.85,1.0,13.0,12.0,58.0,2.0,0.721,0.0,0.41,-0.458,6.0,6.413,1.0,28.0,489.0,-0.5375,194.0,0.0,0.4126984126984127,-0.2589256313175028,0.009124880679764236,0.38781,ctx-m-14,Telithromycin,class_a
247.28,0.534,95.1,0.0,5.0,5.0,16.0,1.0,0.625,0.0,0.342,-0.358,1.0,2.897,1.0,24.0,152.0,-0.1243,67.0,0.0,0.4126984126984127,-0.25717012993676036,0.008656953784939303,0.3464,ctx-m-14,Tinidazole,class_a
480.57,-1.28,150.04,2.0,10.0,8.0,32.0,1.0,0.526,0.0,0.276,-0.543,1.0,4.927,1.0,30.0,326.0,-0.4804,144.0,0.0,0.4126984126984127,-0.25846577451856945,0.00905837497978814,0.67802,ctx-m-14,Cefepime,class_a
370.59,5.886,6.48,0.0,4.0,4.0,25.0,2.0,0.429,0.0,0.066,-0.34,0.0,4.059,1.0,12.0,237.0,-0.292,105.0,0.0,0.4126984126984127,-0.25446342597241944,0.008016985030280414,0.30741,ctx-m-14,Thioridazine,class_a
500.63,2.593,146.05,4.0,9.0,19.0,35.0,0.0,0.846,0.0,0.33,-0.481,4.0,6.598,1.0,18.0,244.0,-0.4557,90.0,0.0,0.4126984126984127,-0.2583306889584751,0.008989854210255289,0.37489,ctx-m-14,Mupirocin,class_a
370.34,1.396,106.26,1.0,7.0,5.0,27.0,3.0,0.235,0.0,0.414,-0.441,5.0,5.289,1.0,14.0,267.0,-0.2493,123.0,0.0,0.4126984126984127,-0.25878744970068546,0.009084456724442379,0.38502,ctx-m-14,Tedizolid,class_a
457.48,0.03,164.63,5.0,9.0,7.0,33.0,1.0,0.435,0.0,0.293,-0.508,0.0,4.26,1.0,21.0,267.0,-0.4196,90.0,0.0,0.4126984126984127,-0.25825006932024586,0.00898560981235757,0.37298,ctx-m-14,Minocycline,class_a
383.47,-0.308,110.18,3.0,7.0,6.0,26.0,0.0,0.706,0.0,0.353,-0.477,2.0,4.177,1.0,24.0,250.0,-0.3443,112.0,0.0,0.4126984126984127,-0.2585244882284563,0.00903459477420453,0.67935,ctx-m-14,Meropenem,class_a
180.28,1.668,38.91,1.0,2.0,3.0,12.0,1.0,0.333,0.0,0.157,-0.389,1.0,2.888,1.0,10.0,129.0,-0.1947,63.0,0.0,0.4126984126984127,-0.25572753931828274,0.008330465582301156,0.31904,ctx-m-14,Prothionamide,class_a
455.47,-0.622,173.51,3.0,12.0,8.0,30.0,1.0,0.375,0.0,0.352,-0.477,5.0,4.803,1.0,37.0,299.0,-0.343,141.0,0.0,0.4126984126984127,-0.25851410172379374,0.009032080382256641,0.67911,ctx-m-14,Cefotaxime,class_a
1816.72,4.168,572.51,21.0,30.0,33.0,128.0,7.0,0.42,0.0,0.335,-0.508,2.0,8.257,1.0,43.0,580.0,-0.691,217.0,0.0,0.4126984126984127,-0.258674734545572,0.009086536373542706,0.38265,ctx-m-14,Dalbavancin,class_a
259.35,2.578,41.49,2.0,3.0,7.0,19.0,2.0,0.375,0.0,0.211,-0.49,0.0,3.953,1.0,8.0,176.0,-0.3541,77.0,0.0,0.4126984126984127,-0.2572665977007258,0.008745457216551686,0.34848,ctx-m-14,Propranolol,class_a
337.35,1.124,71.11,1.0,5.0,4.0,24.0,1.0,0.5,0.0,0.414,-0.442,2.0,4.659,1.0,15.0,267.0,-0.3303,118.0,0.0,0.4126984126984127,-0.2587980911218608,0.009087450841175137,0.38524,ctx-m-14,Linezolid,class_a
384.43,0.548,124.01,3.0,8.0,5.0,25.0,1.0,0.467,0.0,0.327,-0.48,4.0,4.257,1.0,22.0,267.0,-0.314,110.0,0.0,0.4126984126984127,-0.258289345649775,0.008979428953646899,0.67392,ctx-m-14,Ticarcillin,class_a
478.88,0.282,181.62,6.0,9.0,7.0,33.0,1.0,0.409,0.0,0.293,-0.508,0.0,4.132,1.0,25.0,302.0,-0.3971,116.0,0.0,0.4126984126984127,-0.25825006932024586,0.00898560981235757,0.37298,ctx-m-14,Chlortetracycline,class_a
1203.5,-5.245,490.66,18.0,18.0,36.0,85.0,1.0,0.696,0.0,0.245,-0.391,0.0,7.894,1.0,39.0,522.0,-0.7293,207.0,0.0,0.4126984126984127,-0.25655340158823314,0.00852264494512893,0.33284,ctx-m-14,Polymyxin B1,class_a
470.33,3.202,112.74,2.0,7.0,4.0,30.0,2.0,0.368,0.0,0.327,-0.48,3.0,4.2,1.0,24.0,304.0,-0.2828,135.0,0.0,0.4126984126984127,-0.258289345649775,0.008979428953646899,0.67392,ctx-m-14,Dicloxacillin,class_a
514.59,-1.044,153.92,2.0,10.0,8.0,35.0,2.0,0.364,0.0,0.276,-0.543,1.0,5.29,1.0,29.0,358.0,-0.4322,176.0,0.0,0.4126984126984127,-0.25846577451856945,0.00905837497978814,0.67802,ctx-m-14,Cefpirome,class_a
467.52,-6.296,268.17,10.0,14.0,16.0,32.0,0.0,1.0,0.0,0.211,-0.394,0.0,4.239,1.0,27.0,313.0,-0.6952,121.0,0.0,0.4126984126984127,-0.2562662546193639,0.008457115660483655,0.32744,ctx-m-14,Tobramycin,class_a
318.87,4.894,6.48,0.0,3.0,4.0,21.0,2.0,0.294,0.0,0.066,-0.34,0.0,3.685,1.0,10.0,228.0,-0.249,92.0,0.0,0.4126984126984127,-0.25446342597241944,0.008016985030280414,0.30737,ctx-m-14,Chlorpromazine,class_a
493.75,4.968,66.84,1.0,6.0,10.0,34.0,0.0,0.857,0.0,0.316,-0.461,2.0,4.629,0.9412,17.0,340.0,-0.5029,125.0,0.9937,0.41025641025641024,-0.3896444145010314,0.0075231005176008186,0.52615,ndm-1,Tiamulin,class_b
395.42,-0.172,158.21,4.0,10.0,7.0,26.0,1.0,0.214,0.0,0.352,-0.477,3.0,4.05,0.8824,26.0,270.0,-0.4242,81.0,0.9483,0.41025641025641024,-0.38753503885572727,0.006718718891868014,0.81337,ndm-1,Cefdinir,class_b
172.21,-0.084,86.18,2.0,3.0,3.0,11.0,1.0,0.0,0.0,0.238,-0.399,0.0,2.466,0.7059,14.0,109.0,-0.2501,24.0,0.0,0.41025641025641024,-0.22966391694301613,0.0042715484884953215,0.25143,ndm-1,Sulfanilamide,class_b
427.46,-0.539,156.44,3.0,11.0,8.0,28.0,1.0,0.4,0.0,0.352,-0.477,3.0,4.514,0.8824,40.0,296.0,-0.4372,79.0,0.4853,0.41025641025641024,-0.33124452744182165,0.00684179467237412,0.73904,ndm-1,Cefpodoxime,class_b
454.61,5.093,63.95,0.0,6.0,13.0,33.0,2.0,0.519,0.0,0.161,-0.493,0.0,5.785,0.8235,17.0,376.0,-0.4647,128.0,0.0,0.41025641025641024,-0.23942973652039434,0.0058770476386727786,0.28764,ndm-1,Verapamil,class_b
266.34,0.452,84.58,3.0,4.0,9.0,19.0,1.0,0.5,0.0,0.221,-0.491,0.0,4.546,0.7059,14.0,143.0,-0.3283,45.0,0.0,0.41025641025641024,-0.23010859489165547,0.00439265675451155,0.25157,ndm-1,Atenolol,class_b
337.46,-0.768,175.83,4.0,6.0,8.0,20.0,1.0,0.375,0.0,0.318,-0.386,1.0,3.613,0.8235,39.0,187.0,-0.4384,55.0,0.6232,0.41025641025641024,-0.3242789185681687,0.005738407947579906,0.40923,ndm-1,Famotidine,class_b
331.35,1.369,72.88,2.0,6.0,3.0,24.0,1.0,0.412,0.0,0.341,-0.477,2.0,3.795,0.8824,17.0,239.0,-0.3508,78.0,0.1013,0.41025641025641024,-0.27578812506113337,0.00694495094922578,0.35832,ndm-1,Ciprofloxacin,class_b
877.05,5.648,220.15,6.0,15.0,10.0,63.0,2.0,0.574,0.0,0.312,-0.507,2.0,5.493,1.0,41.0,644.0,-0.8145,225.0,0.3794,0.41025641025641024,-0.32159989532713595,0.008808407587249389,0.44647,ndm-1,Rifapentine,class_b
232.24,1.381,70.5,1.0,5.0,2.0,17.0,1.0,0.25,0.0,0.341,-0.477,3.0,3.008,0.8235,15.0,180.0,-0.2232,46.0,0.9618,0.41025641025641024,-0.38370962244982465,0.005841302018891192,0.49679,ndm-1,Nalidixic acid,class_b
347.4,0.445,112.73,3.0,6.0,5.0,24.0,1.0,0.312,0.0,0.352,-0.477,2.0,4.027,0.9412,22.0,243.0,-0.411,94.0,0.4954,0.41025641025641024,-0.32959024223705313,0.0077879055269944675,0.44652,ndm-1,Cephalexin,class_b
180.16,1.31,63.6,1.0,4.0,2.0,13.0,1.0,0.111,0.0,0.339,-0.478,4.0,2.428,0.6471,13.0,130.0,-0.2026,34.0,0.9522,0.41025641025641024,-0.37734318775408227,0.0036136798876881637,0.44819,ndm-1,Aspirin,class_b
233.25,-0.795,91.75,1.0,5.0,1.0,15.0,0.0,0.75,0.0,0.328,-0.48,2.0,2.335,0.7647,18.0,129.0,-0.2082,36.0,0.9949,0.41025641025641024,-0.37397322811874645,0.005040051595270984,0.47067,ndm-1,Sulbactam,class_b
464.86,0.108,181.62,6.0,9.0,7.0,32.0,1.0,0.381,0.0,0.293,-0.508,0.0,4.245,0.8824,32.0,342.0,-0.6047,126.0,0.0,0.41025641025641024,-0.24597779996236113,0.0069975913841085645,0.3066,ndm-1,Demeclocycline,class_b
332.35,-2.926,129.51,5.0,9.0,5.0,23.0,0.0,0.929,0.0,0.28,-0.39,0.0,3.186,0.8824,26.0,230.0,-0.5388,74.0,0.0,0.41025641025641024,-0.24486847600366524,0.006695885257196589,0.30616,ndm-1,Spectinomycin,class_b
546.59,-1.299,191.22,3.0,12.0,10.0,37.0,2.0,0.318,0.0,0.35,-0.543,3.0,4.978,0.9412,33.0,345.0,-0.5462,98.0,0.8057,0.41025641025641024,-0.37656332494373856,0.007841712102546744,0.81126,ndm-1,Ceftazidime,class_b
138.06,-0.091,70.06,2.0,4.0,3.0,8.0,0.0,1.0,0.0,0.356,-0.356,3.0,1.863,0.5882,13.0,82.0,-0.2357,15.0,0.8011,0.41025641025641024,-0.3458294738036365,0.0029109265688381752,0.39677,ndm-1,Fosfomycin,class_b
449.55,-3.977,213.72,8.0,12.0,13.0,31.0,0.0,1.0,0.0,0.211,-0.388,0.0,4.434,1.0,29.0,311.0,-0.7334,93.0,0.0,0.41025641025641024,-0.2560228731985603,0.008406994175270178,0.34371,ndm-1,Gentamicin C1a,class_b
356.23,0.404,103.7,3.0,5.0,8.0,21.0,1.0,0.417,0.0,0.253,-0.394,0.0,4.352,0.8235,19.0,225.0,-0.3647,79.0,0.0,0.41025641025641024,-0.2393270134403327,0.0058079301650837195,0.28761,ndm-1,Thiamphenicol,class_b
424.39,-0.536,173.76,3.0,10.0,7.0,29.0,1.0,0.312,0.0,0.404,-0.477,4.0,4.578,0.9412,30.0,290.0,-0.4598,109.0,0.9921,0.41025641025641024,-0.40775717689439617,0.007706934819000668,0.84495,ndm-1,Cefuroxime,class_b
454.52,-0.636,156.09,2.0,12.0,7.0,29.0,2.0,0.429,0.0,0.352,-0.477,5.0,4.693,0.8824,47.0,292.0,-0.3264,103.0,0.8486,0.41025641025641024,-0.38409765267309837,0.006726139059680331,0.50818,ndm-1,Cefazolin,class_b
684.7,-0.115,223.24,4.0,16.0,13.0,43.0,3.0,0.273,0.0,0.429,-0.543,6.0,5.452,0.8824,56.0,439.0,-0.5108,142.0,0.0035,0.41025641025641024,-0.28262209893072665,0.007269876613856098,0.66803,ndm-1,Ceftaroline,class_b
415.5,-0.318,93.42,1.0,6.0,6.0,28.0,2.0,0.263,0.0,0.253,-0.543,0.0,4.492,0.8235,21.0,301.0,-0.416,116.0,0.0,0.41025641025641024,-0.24046563598301773,0.006119880258516415,0.28802,ndm-1,Cephaloridine,class_b
378.41,0.486,124.01,3.0,7.0,5.0,26.0,1.0,0.412,0.0,0.327,-0.48,4.0,3.657,0.8824,27.0,263.0,-0.4401,87.0,0.7281,0.41025641025641024,-0.3692655869929773,0.006718898332783361,0.48814,ndm-1,Carbenicillin,class_b
414.48,2.484,95.94,2.0,6.0,5.0,29.0,2.0,0.381,0.0,0.327,-0.493,2.0,4.132,0.9412,21.0,301.0,-0.3502,104.0,0.525,0.41025641025641024,-0.33310720519539494,0.007768042119113615,0.45161,ndm-1,Nafcillin,class_b
569.61,-7.524,297.72,12.0,16.0,19.0,39.0,0.0,0.955,0.0,0.25,-0.388,0.0,4.876,1.0,41.0,381.0,-0.8142,149.0,0.0,0.41025641025641024,-0.2563876534987237,0.008492296243606834,0.34388,ndm-1,Isepamicin,class_b
1449.27,0.106,530.49,19.0,26.0,23.0,101.0,5.0,0.424,0.0,0.33,-0.508,2.0,7.28,1.0,68.0,845.0,-0.8754,286.0,0.0,0.41025641025641024,-0.2757633433149582,0.008987776931615364,0.38111,ndm-1,Vancomycin,class_b
484.5,-7.291,282.61,11.0,15.0,17.0,33.0,0.0,1.0,0.0,0.211,-0.394,0.0,4.191,0.9412,41.0,357.0,-0.8119,116.0,0.0,0.41025641025641024,-0.25004167446720515,0.00747744642867835,0.32469,ndm-1,Kanamycin A,class_b
375.4,1.766,82.11,2.0,7.0,4.0,27.0,1.0,0.474,0.0,0.341,-0.492,2.0,3.931,0.8235,22.0,267.0,-0.3606,75.0,0.0157,0.41025641025641024,-0.2600151536354911,0.006111948595057556,0.3254,ndm-1,Gatifloxacin,class_b
435.44,-1.172,201.58,4.0,12.0,9.0,28.0,1.0,0.462,0.0,0.362,-0.478,3.0,4.108,0.8824,35.0,308.0,-0.399,94.0,0.9601,0.41025641025641024,-0.38906140493464747,0.006736396055768552,0.5151,ndm-1,Aztreonam,class_b
351.35,1.754,72.88,2.0,6.0,3.0,25.0,1.0,0.412,0.0,0.341,-0.477,2.0,3.839,0.8235,14.0,260.0,-0.3317,77.0,0.0002,0.41025641025641024,-0.2580129804003377,0.006084255328555627,0.32293,ndm-1,Lomefloxacin,class_b
274.18,2.048,22.0,0.0,1.0,1.0,16.0,3.0,0.0,0.0,0.0,0.0,0.0,3.049,0.8235,7.0,162.0,-0.0,56.0,0.0,0.41025641025641024,-0.23513299536776344,0.004796199363898152,0.58561,ndm-1,Ebselen,class_b
225.16,0.974,98.18,0.0,6.0,3.0,16.0,1.0,0.25,0.0,0.433,-0.446,2.0,3.547,0.7059,24.0,161.0,-0.1783,40.0,0.9454,0.41025641025641024,-0.36376928433818634,0.0043903342205951915,0.44457,ndm-1,Furazolidone,class_b
602.64,-0.611,242.98,9.0,13.0,16.0,43.0,1.0,0.517,0.0,0.32,-0.508,2.0,6.478,0.8235,31.0,397.0,-0.5885,154.0,0.0,0.41025641025641024,-0.2580690115494324,0.006114871088988481,0.32294,ndm-1,Lymecycline,class_b
517.78,5.251,66.84,1.0,6.0,6.0,36.0,0.0,0.867,0.0,0.316,-0.461,2.0,4.545,0.9412,15.0,387.0,-0.4896,142.0,0.7571,0.41025641025641024,-0.36090114532646034,0.007592447340604938,0.49022,ndm-1,Retapamulin,class_b
334.4,0.861,86.71,2.0,5.0,4.0,23.0,1.0,0.438,0.0,0.327,-0.48,2.0,3.697,0.8235,21.0,232.0,-0.3993,75.0,0.5699,0.41025641025641024,-0.32724606944941215,0.005931859834088239,0.41959,ndm-1,Benzylpenicillin,class_b
1058.05,6.234,266.66,7.0,18.0,20.0,72.0,1.0,0.635,0.0,0.342,-0.505,6.0,7.911,0.9412,32.0,548.0,-0.7702,206.0,0.7024,0.41025641025641024,-0.3722558449400655,0.007733541854792453,0.50582,ndm-1,Fidaxomicin,class_b
516.72,5.666,104.06,3.0,6.0,7.0,37.0,0.0,0.806,0.0,0.331,-0.478,4.0,4.79,0.9412,16.0,372.0,-0.5808,117.0,0.447,0.41025641025641024,-0.3408794520320786,0.007717222108706646,0.46169,ndm-1,Fusidic acid,class_b
156.19,2.144,25.78,0.0,2.0,1.0,12.0,2.0,0.0,0.0,0.089,-0.255,2.0,2.59,0.7647,5.0,108.0,-0.1877,45.0,0.8324,0.41025641025641024,-0.3513440539868693,0.004429102805789445,0.74062,ndm-1,"2,2'-Bipyridine",class_b
812.02,4.929,171.85,1.0,13.0,12.0,58.0,2.0,0.721,0.0,0.41,-0.458,6.0,6.413,1.0,34.0,515.0,-0.6182,185.0,0.6442,0.41025641025641024,-0.3715495106746918,0.008762368816156281,0.51615,ndm-1,Telithromycin,class_b
247.28,0.534,95.1,0.0,5.0,5.0,16.0,1.0,0.625,0.0,0.342,-0.358,1.0,2.897,0.8235,26.0,165.0,-0.1835,43.0,0.8476,0.41025641025641024,-0.3515681231298462,0.005675761027915025,0.44762,ndm-1,Tinidazole,class_b
480.57,-1.28,150.04,2.0,10.0,8.0,32.0,1.0,0.526,0.0,0.276,-0.543,1.0,4.927,0.8824,32.0,308.0,-0.4146,111.0,0.0006,0.41025641025641024,-0.2549025895829491,0.007033981804208994,0.62422,ndm-1,Cefepime,class_b
370.59,5.886,6.48,0.0,4.0,4.0,25.0,2.0,0.429,0.0,0.066,-0.34,0.0,4.059,0.9412,12.0,260.0,-0.3639,86.0,0.0,0.41025641025641024,-0.24840719624368468,0.007087196437100098,0.32402,ndm-1,Thioridazine,class_b
500.63,2.593,146.05,4.0,9.0,19.0,35.0,0.0,0.846,0.0,0.33,-0.481,4.0,6.598,0.8824,20.0,306.0,-0.5175,120.0,0.7077,0.41025641025641024,-0.36681820636096774,0.006731960452203791,0.48497,ndm-1,Mupirocin,class_b
370.34,1.396,106.26,1.0,7.0,5.0,27.0,3.0,0.235,0.0,0.414,-0.441,5.0,5.289,0.7059,25.0,291.0,-0.2744,85.0,0.9892,0.41025641025641024,-0.3863651711069309,0.004326684448783341,0.47368,ndm-1,Tedizolid,class_b
457.48,0.03,164.63,5.0,9.0,7.0,33.0,1.0,0.435,0.0,0.293,-0.508,0.0,4.26,0.8824,29.0,360.0,-0.6311,111.0,0.0,0.41025641025641024,-0.24597779996236113,0.0069975913841085645,0.3066,ndm-1,Minocycline,class_b
383.47,-0.308,110.18,3.0,7.0,6.0,26.0,0.0,0.706,0.0,0.353,-0.477,2.0,4.177,0.9412,28.0,260.0,-0.4753,96.0,0.0882,0.41025641025641024,-0.28014679333401915,0.007916363405266772,0.67585,ndm-1,Meropenem,class_b
180.28,1.668,38.91,1.0,2.0,3.0,12.0,1.0,0.333,0.0,0.157,-0.389,1.0,2.888,0.7059,7.0,112.0,-0.2296,29.0,0.8502,0.41025641025641024,-0.3415150108058391,0.0040257810260756486,0.40881,ndm-1,Prothionamide,class_b
455.47,-0.622,173.51,3.0,12.0,8.0,30.0,1.0,0.375,0.0,0.352,-0.477,5.0,4.803,0.9412,34.0,277.0,-0.4509,101.0,0.9999,0.41025641025641024,-0.40822251577511537,0.007593282458426783,0.84762,ndm-1,Cefotaxime,class_b
1816.72,4.168,572.51,21.0,30.0,33.0,128.0,7.0,0.42,0.0,0.335,-0.508,2.0,8.257,1.0,70.0,1037.0,-0.9224,340.0,0.9157,0.41025641025641024,-0.38691209326146314,0.00868094380608739,0.53382,ndm-1,Dalbavancin,class_b
259.35,2.578,41.49,2.0,3.0,7.0,19.0,2.0,0.375,0.0,0.211,-0.49,0.0,3.953,0.9412,8.0,196.0,-0.4286,75.0,0.0,0.41025641025641024,-0.2509393625938632,0.007732405935046739,0.32484,ndm-1,Propranolol,class_b
337.35,1.124,71.11,1.0,5.0,4.0,24.0,1.0,0.5,0.0,0.414,-0.442,2.0,4.659,0.8235,18.0,254.0,-0.3584,87.0,0.9561,0.41025641025641024,-0.37462380505317583,0.005912544435113833,0.48353,ndm-1,Linezolid,class_b
384.43,0.548,124.01,3.0,8.0,5.0,25.0,1.0,0.467,0.0,0.327,-0.48,4.0,4.257,0.9412,28.0,272.0,-0.3884,82.0,0.9376,0.41025641025641024,-0.4004568609350052,0.0075679478652461215,0.53739,ndm-1,Ticarcillin,class_b
478.88,0.282,181.62,6.0,9.0,7.0,33.0,1.0,0.409,0.0,0.293,-0.508,0.0,4.132,0.9412,24.0,282.0,-0.4906,83.0,0.0,0.41025641025641024,-0.2518338190108729,0.007945495534124231,0.32544,ndm-1,Chlortetracycline,class_b
1203.5,-5.245,490.66,18.0,18.0,36.0,85.0,1.0,0.696,0.0,0.245,-0.391,0.0,7.894,1.0,62.0,689.0,-0.8884,261.0,0.0,0.41025641025641024,-0.2563706391643752,0.00848973741040742,0.34387,ndm-1,Polymyxin B1,class_b
470.33,3.202,112.74,2.0,7.0,4.0,30.0,2.0,0.368,0.0,0.327,-0.48,3.0,4.2,0.8824,23.0,300.0,-0.3099,91.0,0.9054,0.41025641025641024,-0.3821382888958489,0.006691204898832305,0.50703,ndm-1,Dicloxacillin,class_b
514.59,-1.044,153.92,2.0,10.0,8.0,35.0,2.0,0.364,0.0,0.276,-0.543,1.0,5.29,0.9412,35.0,341.0,-0.4666,151.0,0.006,0.41025641025641024,-0.2614271999543263,0.007984948435110557,0.64418,ndm-1,Cefpirome,class_b
467.52,-6.296,268.17,10.0,14.0,16.0,32.0,0.0,1.0,0.0,0.211,-0.394,0.0,4.239,1.0,36.0,317.0,-0.8087,120.0,0.0,0.41025641025641024,-0.2560834391747253,0.008424195797245078,0.34374,ndm-1,Tobramycin,class_b
318.87,4.894,6.48,0.0,3.0,4.0,21.0,2.0,0.294,0.0,0.066,-0.34,0.0,3.685,0.8235,13.0,243.0,-0.2829,75.0,0.0,0.41025641025641024,-0.2376990712385325,0.0054443385008109135,0.28702,ndm-1,Chlorpromazine,class_b
493.75,4.968,66.84,1.0,6.0,10.0,34.0,0.0,0.857,0.0,0.316,-0.461,2.0,4.629,1.0,10.0,260.0,-0.3063,79.0,0.0,0.390625,-0.25630906749071514,0.008589202603433935,0.38835,ampc,Tiamulin,class_c
395.42,-0.172,158.21,4.0,10.0,7.0,26.0,1.0,0.214,0.0,0.352,-0.477,3.0,4.05,0.875,22.0,193.0,-0.2509,72.0,0.0,0.390625,-0.24434158680105078,0.0067068307318620575,0.59372,ampc,Cefdinir,class_c
172.21,-0.084,86.18,2.0,3.0,3.0,11.0,1.0,0.0,0.0,0.238,-0.399,0.0,2.466,0.875,12.0,108.0,-0.1795,44.0,0.0,0.390625,-0.24279416175171065,0.006330823097598383,0.288,ampc,Sulfanilamide,class_c
427.46,-0.539,156.44,3.0,11.0,8.0,28.0,1.0,0.4,0.0,0.352,-0.477,3.0,4.514,1.0,25.0,224.0,-0.289,95.0,0.0,0.390625,-0.256839811598228,0.008723599696911406,0.6906,ampc,Cefpodoxime,class_c
454.61,5.093,63.95,0.0,6.0,13.0,33.0,2.0,0.519,0.0,0.161,-0.493,0.0,5.785,1.0,12.0,264.0,-0.3435,79.0,0.0,0.390625,-0.2551644903547192,0.008341799401372607,0.38329,ampc,Verapamil,class_c
266.34,0.452,84.58,3.0,4.0,9.0,19.0,1.0,0.5,0.0,0.221,-0.491,0.0,4.546,1.0,9.0,143.0,-0.2704,55.0,0.0,0.390625,-0.2556935523251589,0.008460751645854032,0.38561,ampc,Atenolol,class_c
337.46,-0.768,175.83,4.0,6.0,8.0,20.0,1.0,0.375,0.0,0.318,-0.386,1.0,3.613,0.875,25.0,182.0,-0.3086,51.0,0.0,0.390625,-0.24332624841074235,0.006445135213859573,0.28987,ampc,Famotidine,class_c
331.35,1.369,72.88,2.0,6.0,3.0,24.0,1.0,0.412,0.0,0.341,-0.477,2.0,3.795,0.875,11.0,222.0,-0.1993,70.0,0.0,0.390625,-0.24424856773538117,0.006685772694364884,0.29333,ampc,Ciprofloxacin,class_c
877.05,5.648,220.15,6.0,15.0,10.0,63.0,2.0,0.574,0.0,0.312,-0.507,2.0,5.493,0.875,23.0,358.0,-0.473,101.0,0.0,0.390625,-0.24425561293293185,0.0066998223397103825,0.29338,ampc,Rifapentine,class_c
232.24,1.381,70.5,1.0,5.0,2.0,17.0,1.0,0.25,0.0,0.341,-0.477,3.0,3.008,0.875,11.0,176.0,-0.1911,53.0,0.0,0.390625,-0.24424856773538117,0.006685772694364884,0.29333,ampc,Nalidixic acid,class_c
347.4,0.445,112.73,3.0,6.0,5.0,24.0,1.0,0.312,0.0,0.352,-0.477,2.0,4.027,1.0,15.0,201.0,-0.2742,70.0,0.0,0.390625,-0.256839811598228,0.008723599696911406,0.6906,ampc,Cephalexin,class_c
180.16,1.31,63.6,1.0,4.0,2.0,13.0,1.0,0.111,0.0,0.339,-0.478,4.0,2.428,0.875,9.0,126.0,-0.1148,42.0,0.0,0.390625,-0.24423999109687244,0.006684222327269949,0.29321,ampc,Aspirin,class_c
233.25,-0.795,91.75,1.0,5.0,1.0,15.0,0.0,0.75,0.0,0.328,-0.48,2.0,2.335,0.875,15.0,134.0,-0.1249,55.0,0.0,0.390625,-0.24416440207858692,0.006667987301639162,0.29302,ampc,Sulbactam,class_c
464.86,0.108,181.62,6.0,9.0,7.0,32.0,1.0,0.381,0.0,0.293,-0.508,0.0,4.245,1.0,20.0,271.0,-0.3713,101.0,0.0,0.390625,-0.2565626772097307,0.008672467335927986,0.38946,ampc,Demeclocycline,class_c
332.35,-2.926,129.51,5.0,9.0,5.0,23.0,0.0,0.929,0.0,0.28,-0.39,0.0,3.186,1.0,16.0,197.0,-0.3598,72.0,0.0,0.390625,-0.25524684160490985,0.00830607078392209,0.38368,ampc,Spectinomycin,class_c
546.59,-1.299,191.22,3.0,12.0,10.0,37.0,2.0,0.318,0.0,0.35,-0.543,3.0,4.978,1.0,22.0,257.0,-0.3486,84.0,0.0,0.390625,-0.2575104767197036,0.008915779376671245,0.69323,ampc,Ceftazidime,class_c
138.06,-0.091,70.06,2.0,4.0,3.0,8.0,0.0,1.0,0.0,0.356,-0.356,3.0,1.863,0.875,7.0,77.0,-0.1262,32.0,0.0,0.390625,-0.24340663338603008,0.006455111623054394,0.28962,ampc,Fosfomycin,class_c
449.55,-3.977,213.72,8.0,12.0,13.0,31.0,0.0,1.0,0.0,0.211,-0.388,0.0,4.434,1.0,20.0,234.0,-0.5576,84.0,0.0,0.390625,-0.25457613772373655,0.008147811775163154,0.3805,ampc,Gentamicin C1a,class_c
356.23,0.404,103.7,3.0,5.0,8.0,21.0,1.0,0.417,0.0,0.253,-0.394,0.0,4.352,1.0,14.0,199.0,-0.2725,57.0,0.0,0.390625,-0.25502684760304994,0.008255753023790344,0.38265,ampc,Thiamphenicol,class_c
424.39,-0.536,173.76,3.0,10.0,7.0,29.0,1.0,0.312,0.0,0.404,-0.477,4.0,4.578,1.0,26.0,243.0,-0.3127,77.0,0.0,0.390625,-0.25738951063947724,0.008857647567277966,0.69277,ampc,Cefuroxime,class_c
454.52,-0.636,156.09,2.0,12.0,7.0,29.0,2.0,0.429,0.0,0.352,-0.477,5.0,4.693,1.0,28.0,218.0,-0.2516,82.0,0.0,0.390625,-0.256839811598228,0.008723599696911406,0.6906,ampc,Cefazolin,class_c
684.7,-0.115,223.24,4.0,16.0,13.0,43.0,3.0,0.273,0.0,0.429,-0.543,6.0,5.452,0.875,34.0,276.0,-0.3681,116.0,0.0,0.390625,-0.24557815690250706,0.007014399851547825,0.59893,ampc,Ceftaroline,class_c
415.5,-0.318,93.42,1.0,6.0,6.0,28.0,2.0,0.263,0.0,0.253,-0.543,0.0,4.492,0.875,19.0,226.0,-0.293,71.0,0.0,0.390625,-0.2440801667484358,0.006679171009173854,0.59269,ampc,Cephaloridine,class_c
378.41,0.486,124.01,3.0,7.0,5.0,26.0,1.0,0.412,0.0,0.327,-0.48,4.0,3.657,0.875,18.0,224.0,-0.3075,81.0,0.0,0.390625,-0.24415606934766743,0.006666115121146005,0.59298,ampc,Carbenicillin,class_c
414.48,2.484,95.94,2.0,6.0,5.0,29.0,2.0,0.381,0.0,0.327,-0.493,2.0,4.132,0.875,19.0,242.0,-0.2731,79.0,0.0,0.390625,-0.2442636259494506,0.006695570035684793,0.59341,ampc,Nafcillin,class_c
569.61,-7.524,297.72,12.0,16.0,19.0,39.0,0.0,0.955,0.0,0.25,-0.388,0.0,4.876,0.875,25.0,253.0,-0.5716,82.0,0.0,0.390625,-0.24280107366782744,0.0063280766159241955,0.28803,ampc,Isepamicin,class_c
1449.27,0.106,530.49,19.0,26.0,23.0,101.0,5.0,0.424,0.0,0.33,-0.508,2.0,7.28,1.0,32.0,483.0,-0.543,177.0,0.0,0.390625,-0.25693498460208986,0.008760655307215636,0.39098,ampc,Vancomycin,class_c
484.5,-7.291,282.61,11.0,15.0,17.0,33.0,0.0,1.0,0.0,0.211,-0.394,0.0,4.191,1.0,22.0,227.0,-0.6067,88.0,0.0,0.390625,-0.2546343013909027,0.008164159437343683,0.38078,ampc,Kanamycin A,class_c
375.4,1.766,82.11,2.0,7.0,4.0,27.0,1.0,0.474,0.0,0.341,-0.492,2.0,3.931,1.0,11.0,237.0,-0.2699,82.0,0.0,0.390625,-0.25688126241745657,0.008740192808905378,0.39075,ampc,Gatifloxacin,class_c
435.44,-1.172,201.58,4.0,12.0,9.0,28.0,1.0,0.462,0.0,0.362,-0.478,3.0,4.108,0.875,27.0,213.0,-0.2195,78.0,0.0,0.390625,-0.2444351404550016,0.006728461023244842,0.59409,ampc,Aztreonam,class_c
351.35,1.754,72.88,2.0,6.0,3.0,25.0,1.0,0.412,0.0,0.341,-0.477,2.0,3.839,1.0,14.0,223.0,-0.2186,96.0,0.0,0.390625,-0.2567264343085327,0.008696281930805112,0.39013,ampc,Lomefloxacin,class_c
274.18,2.048,22.0,0.0,1.0,1.0,16.0,3.0,0.0,0.0,0.0,0.0,0.0,3.049,0.875,4.0,155.0,-0.0,53.0,0.0,0.390625,-0.2383668950820379,0.005245934927355323,0.27031,ampc,Ebselen,class_c
225.16,0.974,98.18,0.0,6.0,3.0,16.0,1.0,0.25,0.0,0.433,-0.446,2.0,3.547,1.0,17.0,145.0,-0.1042,48.0,0.0,0.390625,-0.2573866570038472,0.008847094634855782,0.39276,ampc,Furazolidone,class_c
602.64,-0.611,242.98,9.0,13.0,16.0,43.0,1.0,0.517,0.0,0.32,-0.508,2.0,6.478,1.0,22.0,306.0,-0.4429,106.0,0.0,0.390625,-0.25683329002197297,0.008736447340962183,0.39057,ampc,Lymecycline,class_c
517.78,5.251,66.84,1.0,6.0,6.0,36.0,0.0,0.867,0.0,0.316,-0.461,2.0,4.545,1.0,11.0,271.0,-0.3306,92.0,0.0,0.390625,-0.25630906749071514,0.008589202603433935,0.38838,ampc,Retapamulin,class_c
334.4,0.861,86.71,2.0,5.0,4.0,23.0,1.0,0.438,0.0,0.327,-0.48,2.0,3.697,0.875,10.0,165.0,-0.1991,53.0,0.0,0.390625,-0.24415606934766743,0.006666115121146005,0.59294,ampc,Benzylpenicillin,class_c
1058.05,6.234,266.66,7.0,18.0,20.0,72.0,1.0,0.635,0.0,0.342,-0.505,6.0,7.911,1.0,21.0,421.0,-0.5392,156.0,0.0,0.390625,-0.2570267509624937,0.008781142255005136,0.39135,ampc,Fidaxomicin,class_c
516.72,5.666,104.06,3.0,6.0,7.0,37.0,0.0,0.806,0.0,0.331,-0.478,4.0,4.79,0.875,10.0,281.0,-0.3465,100.0,0.0,0.390625,-0.24417294945584622,0.006669112665117928,0.29301,ampc,Fusidic acid,class_c
156.19,2.144,25.78,0.0,2.0,1.0,12.0,2.0,0.0,0.0,0.089,-0.255,2.0,2.59,0.875,5.0,118.0,-0.1334,40.0,0.0,0.390625,-0.24064542184144067,0.0058096253820917355,0.27881,ampc,"2,2'-Bipyridine",class_c
812.02,4.929,171.85,1.0,13.0,12.0,58.0,2.0,0.721,0.0,0.41,-0.458,6.0,6.413,1.0,23.0,381.0,-0.4324,111.0,0.0,0.390625,-0.2572584750998512,0.008818828156521602,0.39226,ampc,Telithromycin,class_c
247.28,0.534,95.1,0.0,5.0,5.0,16.0,1.0,0.625,0.0,0.342,-0.358,1.0,2.897,0.875,15.0,137.0,-0.1418,58.0,0.0,0.390625,-0.24330546359554717,0.006432282309111873,0.28979,ampc,Tinidazole,class_c
480.57,-1.28,150.04,2.0,10.0,8.0,32.0,1.0,0.526,0.0,0.276,-0.543,1.0,4.927,1.0,20.0,276.0,-0.3521,120.0,0.0,0.390625,-0.25676179098506857,0.008739140718328934,0.69028,ampc,Cefepime,class_c
370.59,5.886,6.48,0.0,4.0,4.0,25.0,2.0,0.429,0.0,0.066,-0.34,0.0,4.059,1.0,7.0,222.0,-0.218,64.0,0.0,0.390625,-0.2528589801066161,0.007733941825313824,0.37127,ampc,Thioridazine,class_c
500.63,2.593,146.05,4.0,9.0,19.0,35.0,0.0,0.846,0.0,0.33,-0.481,4.0,6.598,1.0,15.0,186.0,-0.385,92.0,0.0,0.390625,-0.2566551570727462,0.008680973243892748,0.38984,ampc,Mupirocin,class_c
370.34,1.396,106.26,1.0,7.0,5.0,27.0,3.0,0.235,0.0,0.414,-0.441,5.0,5.289,1.0,15.0,220.0,-0.1854,74.0,0.0,0.390625,-0.2571280845962125,0.008781204562115386,0.39175,ampc,Tedizolid,class_c
457.48,0.03,164.63,5.0,9.0,7.0,33.0,1.0,0.435,0.0,0.293,-0.508,0.0,4.26,0.875,16.0,298.0,-0.3546,91.0,0.0,0.390625,-0.24410811634700735,0.006667585058449998,0.2928,ampc,Minocycline,class_c
383.47,-0.308,110.18,3.0,7.0,6.0,26.0,0.0,0.706,0.0,0.353,-0.477,2.0,4.177,1.0,15.0,209.0,-0.2998,82.0,0.0,0.390625,-0.25685016791222814,0.008726100637592372,0.69064,ampc,Meropenem,class_c
180.28,1.668,38.91,1.0,2.0,3.0,12.0,1.0,0.333,0.0,0.157,-0.389,1.0,2.888,0.875,6.0,122.0,-0.2036,40.0,0.0,0.390625,-0.24211306075353178,0.006178732322669457,0.28457,ampc,Prothionamide,class_c
455.47,-0.622,173.51,3.0,12.0,8.0,30.0,1.0,0.375,0.0,0.352,-0.477,5.0,4.803,1.0,25.0,254.0,-0.286,80.0,0.0,0.390625,-0.256839811598228,0.008723599696911406,0.6906,ampc,Cefotaxime,class_c
1816.72,4.168,572.51,21.0,30.0,33.0,128.0,7.0,0.42,0.0,0.335,-0.508,2.0,8.257,1.0,37.0,554.0,-0.6676,210.0,0.0,0.390625,-0.25698613432001594,0.00877286525754464,0.39119,ampc,Dalbavancin,class_c
259.35,2.578,41.49,2.0,3.0,7.0,19.0,2.0,0.375,0.0,0.211,-0.49,0.0,3.953,1.0,9.0,167.0,-0.2693,54.0,0.0,0.390625,-0.25559004487445947,0.008436416319732496,0.38514,ampc,Propranolol,class_c
337.35,1.124,71.11,1.0,5.0,4.0,24.0,1.0,0.5,0.0,0.414,-0.442,2.0,4.659,1.0,14.0,213.0,-0.2645,76.0,0.0,0.390625,-0.25713826222190406,0.008784031596701904,0.39179,ampc,Linezolid,class_c
384.43,0.548,124.01,3.0,8.0,5.0,25.0,1.0,0.467,0.0,0.327,-0.48,4.0,4.257,1.0,16.0,205.0,-0.2266,71.0,0.0,0.390625,-0.25661437644190777,0.00867075968957248,0.68967,ampc,Ticarcillin,class_c
478.88,0.282,181.62,6.0,9.0,7.0,33.0,1.0,0.409,0.0,0.293,-0.508,0.0,4.132,0.75,14.0,228.0,-0.2249,73.0,0.0,0.390625,-0.23329290012393855,0.004916429884968154,0.23482,ampc,Chlortetracycline,class_c
1203.5,-5.245,490.66,18.0,18.0,36.0,85.0,1.0,0.696,0.0,0.245,-0.391,0.0,7.894,1.0,35.0,396.0,-0.6709,148.0,0.0,0.390625,-0.25492190711828755,0.008229791305987342,0.38216,ampc,Polymyxin B1,class_c
470.33,3.202,112.74,2.0,7.0,4.0,30.0,2.0,0.368,0.0,0.327,-0.48,3.0,4.2,1.0,18.0,238.0,-0.2112,84.0,0.0,0.390625,-0.25661437644190777,0.00867075968957248,0.68967,ampc,Dicloxacillin,class_c
514.59,-1.044,153.92,2.0,10.0,8.0,35.0,2.0,0.364,0.0,0.276,-0.543,1.0,5.29,1.0,21.0,276.0,-0.2701,91.0,0.0,0.390625,-0.25676179098506857,0.008739140718328934,0.69028,ampc,Cefpirome,class_c
467.52,-6.296,268.17,10.0,14.0,16.0,32.0,0.0,1.0,0.0,0.211,-0.394,0.0,4.239,0.875,29.0,250.0,-0.5431,86.0,0.0,0.390625,-0.24254987437765685,0.006275275806895514,0.28719,ampc,Tobramycin,class_c
318.87,4.894,6.48,0.0,3.0,4.0,21.0,2.0,0.294,0.0,0.066,-0.34,0.0,3.685,0.875,10.0,163.0,-0.2045,50.0,0.0,0.390625,-0.2411087090602635,0.005943619051622577,0.28277,ampc,Chlorpromazine,class_c
493.75,4.968,66.84,1.0,6.0,10.0,34.0,0.0,0.857,0.0,0.316,-0.461,2.0,4.629,0.8333,3.0,243.0,-0.1404,67.0,0.0,0.2545454545454545,-0.20750638704859803,0.004874306024679823,0.281,acr-b,Tiamulin,efflux
395.42,-0.172,158.21,4.0,10.0,7.0,26.0,1.0,0.214,0.0,0.352,-0.477,3.0,4.05,0.6667,17.0,210.0,-0.165,58.0,0.0,0.2545454545454545,-0.22287784706476366,0.0031579460065807837,0.27421,acr-b,Cefdinir,efflux
172.21,-0.084,86.18,2.0,3.0,3.0,11.0,1.0,0.0,0.0,0.238,-0.399,0.0,2.466,0.4167,6.0,100.0,-0.0775,17.0,0.0,0.2545454545454545,-0.21022848944657646,0.0011655731465015193,0.18088,acr-b,Sulfanilamide,efflux
427.46,-0.539,156.44,3.0,11.0,8.0,28.0,1.0,0.4,0.0,0.352,-0.477,3.0,4.514,0.8333,8.0,267.0,-0.1421,64.0,0.0,0.2545454545454545,-0.23397958284710185,0.004916193934078782,0.33864,acr-b,Cefpodoxime,efflux
454.61,5.093,63.95,0.0,6.0,13.0,33.0,2.0,0.519,0.0,0.161,-0.493,0.0,5.785,0.8333,2.0,193.0,-0.1515,57.0,0.0,0.2545454545454545,-0.1804673687726961,0.004724619345435101,0.53797,acr-b,Verapamil,efflux
266.34,0.452,84.58,3.0,4.0,9.0,19.0,1.0,0.5,0.0,0.221,-0.491,0.0,4.546,0.75,1.0,181.0,-0.1212,26.0,0.0,0.2545454545454545,-0.14895919390811407,0.003934563142905285,0.18424,acr-b,Atenolol,efflux
337.46,-0.768,175.83,4.0,6.0,8.0,20.0,1.0,0.375,0.0,0.318,-0.386,1.0,3.613,0.5833,13.0,188.0,-0.1281,48.0,0.0,0.2545454545454545,-0.21775142405454595,0.0023319351376941723,0.2418,acr-b,Famotidine,efflux
331.35,1.369,72.88,2.0,6.0,3.0,24.0,1.0,0.412,0.0,0.341,-0.477,2.0,3.795,0.5833,4.0,202.0,-0.1495,59.0,0.0,0.2545454545454545,-0.21818575015161024,0.0024116742870958392,0.53641,acr-b,Ciprofloxacin,efflux
877.05,5.648,220.15,6.0,15.0,10.0,63.0,2.0,0.574,0.0,0.312,-0.507,2.0,5.493,0.9167,17.0,446.0,-0.3529,139.0,0.0,0.2545454545454545,-0.24030558649841183,0.005908943460960396,0.67065,acr-b,Rifapentine,efflux
232.24,1.381,70.5,1.0,5.0,2.0,17.0,1.0,0.25,0.0,0.341,-0.477,3.0,3.008,0.75,3.0,170.0,-0.0688,34.0,0.0,0.2545454545454545,-0.20192252032098956,0.004007971874195928,0.54928,acr-b,Nalidixic acid,efflux
347.4,0.445,112.73,3.0,6.0,5.0,24.0,1.0,0.312,0.0,0.352,-0.477,2.0,4.027,0.5,10.0,171.0,-0.1246,41.0,0.0,0.2545454545454545,-0.21422450613935062,0.001781018478460595,0.21221,acr-b,Cephalexin,efflux
180.16,1.31,63.6,1.0,4.0,2.0,13.0,1.0,0.111,0.0,0.339,-0.478,4.0,2.428,0.5833,5.0,118.0,-0.0614,14.0,0.0,0.2545454545454545,-0.21817940460472407,0.002410718248856683,0.2398,acr-b,Aspirin,efflux
233.25,-0.795,91.75,1.0,5.0,1.0,15.0,0.0,0.75,0.0,0.328,-0.48,2.0,2.335,0.5,9.0,146.0,-0.0724,29.0,0.0,0.2545454545454545,-0.21413072566461544,0.0017679694463823867,0.21199,acr-b,Sulbactam,efflux
464.86,0.108,181.62,6.0,9.0,7.0,32.0,1.0,0.381,0.0,0.293,-0.508,0.0,4.245,0.75,10.0,245.0,-0.2212,73.0,0.0,0.2545454545454545,-0.22788751366535642,0.003947121037945211,0.60603,acr-b,Demeclocycline,efflux
332.35,-2.926,129.51,5.0,9.0,5.0,23.0,0.0,0.929,0.0,0.28,-0.39,0.0,3.186,0.6667,7.0,178.0,-0.2243,39.0,0.0,0.2545454545454545,-0.22210998214774058,0.0030065408851605194,0.57234,acr-b,Spectinomycin,efflux
546.59,-1.299,191.22,3.0,12.0,10.0,37.0,2.0,0.318,0.0,0.35,-0.543,3.0,4.978,0.75,12.0,233.0,-0.1481,65.0,0.0,0.2545454545454545,-0.22844715133795646,0.004064204733938674,0.30698,acr-b,Ceftazidime,efflux
138.06,-0.091,70.06,2.0,4.0,3.0,8.0,0.0,1.0,0.0,0.356,-0.356,3.0,1.863,0.4167,5.0,84.0,-0.0926,12.0,0.0,0.2545454545454545,-0.21053266637551005,0.001198960868739956,0.17984,acr-b,Fosfomycin,efflux
449.55,-3.977,213.72,8.0,12.0,13.0,31.0,0.0,1.0,0.0,0.211,-0.388,0.0,4.434,0.6667,12.0,248.0,-0.3183,79.0,0.0,0.2545454545454545,-0.22173713847746157,0.00293818196438412,0.57221,acr-b,Gentamicin C1a,efflux
356.23,0.404,103.7,3.0,5.0,8.0,21.0,1.0,0.417,0.0,0.253,-0.394,0.0,4.352,0.5833,9.0,149.0,-0.1409,40.0,0.0,0.2545454545454545,-0.21747455186447517,0.0022867071059749595,0.54121,acr-b,Thiamphenicol,efflux
424.39,-0.536,173.76,3.0,10.0,7.0,29.0,1.0,0.312,0.0,0.404,-0.477,4.0,4.578,0.5833,11.0,194.0,-0.1029,47.0,0.0,0.2545454545454545,-0.21850855906187583,0.002465684881376588,0.24313,acr-b,Cefuroxime,efflux
454.52,-0.636,156.09,2.0,12.0,7.0,29.0,2.0,0.429,0.0,0.352,-0.477,5.0,4.693,0.6667,13.0,181.0,-0.1248,31.0,0.0,0.2545454545454545,-0.22287784706476366,0.0031579460065807837,0.27421,acr-b,Cefazolin,efflux
684.7,-0.115,223.24,4.0,16.0,13.0,43.0,3.0,0.273,0.0,0.429,-0.543,6.0,5.452,0.8333,14.0,346.0,-0.2316,86.0,0.0,0.2545454545454545,-0.23499891978594967,0.005147340438565781,0.34034,acr-b,Ceftaroline,efflux
415.5,-0.318,93.42,1.0,6.0,6.0,28.0,2.0,0.263,0.0,0.253,-0.543,0.0,4.492,0.6667,9.0,253.0,-0.1262,59.0,0.0,0.2545454545454545,-0.22260145508182916,0.0031172137867730375,0.27363,acr-b,Cephaloridine,efflux
378.41,0.486,124.01,3.0,7.0,5.0,26.0,1.0,0.412,0.0,0.327,-0.48,4.0,3.657,0.75,10.0,187.0,-0.1182,47.0,0.0,0.2545454545454545,-0.22797020066165885,0.003959316170768506,0.30616,acr-b,Carbenicillin,efflux
414.48,2.484,95.94,2.0,6.0,5.0,29.0,2.0,0.381,0.0,0.327,-0.493,2.0,4.132,0.6667,8.0,259.0,-0.1284,73.0,0.0,0.2545454545454545,-0.22280155980209315,0.0031456367817010375,0.27385,acr-b,Nafcillin,efflux
569.61,-7.524,297.72,12.0,16.0,19.0,39.0,0.0,0.955,0.0,0.25,-0.388,0.0,4.876,0.8333,18.0,319.0,-0.4456,116.0,0.0,0.2545454545454545,-0.23271637187739813,0.004632637548540729,0.63701,acr-b,Isepamicin,efflux
1449.27,0.106,530.49,19.0,26.0,23.0,101.0,5.0,0.424,0.0,0.33,-0.508,2.0,7.28,0.9167,20.0,472.0,-0.4229,139.0,0.0,0.2545454545454545,-0.24046997498652445,0.005946089022621764,0.37085,acr-b,Vancomycin,efflux
484.5,-7.291,282.61,11.0,15.0,17.0,33.0,0.0,1.0,0.0,0.211,-0.394,0.0,4.191,0.75,11.0,251.0,-0.3411,89.0,0.0,0.2545454545454545,-0.22682302461285353,0.0037189378538433635,0.60428,acr-b,Kanamycin A,efflux
375.4,1.766,82.11,2.0,7.0,4.0,27.0,1.0,0.474,0.0,0.341,-0.492,2.0,3.931,0.6667,8.0,223.0,-0.1024,45.0,0.0,0.2545454545454545,-0.22287828074192895,0.0031596653875432864,0.57398,acr-b,Gatifloxacin,efflux
435.44,-1.172,201.58,4.0,12.0,9.0,28.0,1.0,0.462,0.0,0.362,-0.478,3.0,4.108,0.75,14.0,207.0,-0.141,67.0,0.0,0.2545454545454545,-0.22819588597957363,0.004004754085609091,0.30658,acr-b,Aztreonam,efflux
351.35,1.754,72.88,2.0,6.0,3.0,25.0,1.0,0.412,0.0,0.341,-0.477,2.0,3.839,0.6667,8.0,234.0,-0.0996,62.0,0.0,0.2545454545454545,-0.2228137500620484,0.0031460314432091184,0.57387,acr-b,Lomefloxacin,efflux
274.18,2.048,22.0,0.0,1.0,1.0,16.0,3.0,0.0,0.0,0.0,0.0,0.0,3.049,0.6667,0.0,157.0,-0.0,20.0,0.0,0.2545454545454545,-0.11472198904286834,0.0025519480445277735,0.13461,acr-b,Ebselen,efflux
225.16,0.974,98.18,0.0,6.0,3.0,16.0,1.0,0.25,0.0,0.433,-0.446,2.0,3.547,0.5833,6.0,157.0,-0.0876,22.0,0.0,0.2545454545454545,-0.2185473931642843,0.0024707080193446104,0.242,acr-b,Furazolidone,efflux
602.64,-0.611,242.98,9.0,13.0,16.0,43.0,1.0,0.517,0.0,0.32,-0.508,2.0,6.478,0.6667,12.0,235.0,-0.2635,56.0,0.0,0.2545454545454545,-0.22282606293638096,0.003152063410501795,0.57412,acr-b,Lymecycline,efflux
517.78,5.251,66.84,1.0,6.0,6.0,36.0,0.0,0.867,0.0,0.316,-0.461,2.0,4.545,0.8333,4.0,240.0,-0.1576,55.0,0.0,0.2545454545454545,-0.23361023124663838,0.00483424267562241,0.33218,acr-b,Retapamulin,efflux
334.4,0.861,86.71,2.0,5.0,4.0,23.0,1.0,0.438,0.0,0.327,-0.48,2.0,3.697,0.75,10.0,240.0,-0.1111,67.0,0.0,0.2545454545454545,-0.22797020066165885,0.003959316170768506,0.30616,acr-b,Benzylpenicillin,efflux
1058.05,6.234,266.66,7.0,18.0,20.0,72.0,1.0,0.635,0.0,0.342,-0.505,6.0,7.911,0.9167,7.0,344.0,-0.1853,51.0,0.0,0.2545454545454545,-0.2405557352607275,0.005964926956651021,0.37042,acr-b,Fidaxomicin,efflux
516.72,5.666,104.06,3.0,6.0,7.0,37.0,0.0,0.806,0.0,0.331,-0.478,4.0,4.79,0.9167,3.0,321.0,-0.1835,68.0,0.0,0.2545454545454545,-0.21419957317500327,0.0059457611490205476,0.3156,acr-b,Fusidic acid,efflux
156.19,2.144,25.78,0.0,2.0,1.0,12.0,2.0,0.0,0.0,0.089,-0.255,2.0,2.59,0.5833,2.0,115.0,-0.0535,13.0,0.0,0.2545454545454545,-0.1639802080891588,0.0021213271311606554,0.16115,acr-b,"2,2'-Bipyridine",efflux
812.02,4.929,171.85,1.0,13.0,12.0,58.0,2.0,0.721,0.0,0.41,-0.458,6.0,6.413,0.8333,8.0,315.0,-0.1985,95.0,0.0,0.2545454545454545,-0.23433063931184073,0.0049913297422144644,0.63915,acr-b,Telithromycin,efflux
247.28,0.534,95.1,0.0,5.0,5.0,16.0,1.0,0.625,0.0,0.342,-0.358,1.0,2.897,0.5833,9.0,145.0,-0.0749,33.0,0.0,0.2545454545454545,-0.2177712173087425,0.002333598494557931,0.24174,acr-b,Tinidazole,efflux
480.57,-1.28,150.04,2.0,10.0,8.0,32.0,1.0,0.526,0.0,0.276,-0.543,1.0,4.927,0.6667,12.0,229.0,-0.1275,68.0,0.0,0.2545454545454545,-0.2227288115444459,0.0031398773219489897,0.27395,acr-b,Cefepime,efflux
370.59,5.886,6.48,0.0,4.0,4.0,25.0,2.0,0.429,0.0,0.066,-0.34,0.0,4.059,0.6667,5.0,200.0,-0.0972,43.0,0.0,0.2545454545454545,-0.22084808664588174,0.002773610898845483,0.56789,acr-b,Thioridazine,efflux
500.63,2.593,146.05,4.0,9.0,19.0,35.0,0.0,0.846,0.0,0.33,-0.481,4.0,6.598,0.6667,7.0,249.0,-0.2742,94.0,0.0,0.2545454545454545,-0.22276732079823525,0.0031378888339665977,0.27349,acr-b,Mupirocin,efflux
370.34,1.396,106.26,1.0,7.0,5.0,27.0,3.0,0.235,0.0,0.414,-0.441,5.0,5.289,0.5833,8.0,185.0,-0.0917,39.0,0.0,0.2545454545454545,-0.21842834199131644,0.002450022701134958,0.24277,acr-b,Tedizolid,efflux
457.48,0.03,164.63,5.0,9.0,7.0,33.0,1.0,0.435,0.0,0.293,-0.508,0.0,4.26,0.75,12.0,244.0,-0.235,50.0,0.0,0.2545454545454545,-0.22788751366535642,0.003947121037945211,0.60606,acr-b,Minocycline,efflux
383.47,-0.308,110.18,3.0,7.0,6.0,26.0,0.0,0.706,0.0,0.353,-0.477,2.0,4.177,0.75,10.0,246.0,-0.1796,72.0,0.0,0.2545454545454545,-0.22812960988273012,0.0039911569272631665,0.30643,acr-b,Meropenem,efflux
180.28,1.668,38.91,1.0,2.0,3.0,12.0,1.0,0.333,0.0,0.157,-0.389,1.0,2.888,0.4167,5.0,112.0,-0.0913,19.0,0.0,0.2545454545454545,-0.20994482801956593,0.0011330570315515338,0.17886,acr-b,Prothionamide,efflux
455.47,-0.622,173.51,3.0,12.0,8.0,30.0,1.0,0.375,0.0,0.352,-0.477,5.0,4.803,0.6667,11.0,260.0,-0.1394,46.0,0.0,0.2545454545454545,-0.22287784706476366,0.0031579460065807837,0.2742,acr-b,Cefotaxime,efflux
1816.72,4.168,572.51,21.0,30.0,33.0,128.0,7.0,0.42,0.0,0.335,-0.508,2.0,8.257,0.9167,25.0,572.0,-0.4802,143.0,0.0,0.2545454545454545,-0.24051414361820456,0.005956057462363306,0.3709,acr-b,Dalbavancin,efflux
259.35,2.578,41.49,2.0,3.0,7.0,19.0,2.0,0.375,0.0,0.211,-0.49,0.0,3.953,0.5,6.0,151.0,-0.1406,34.0,0.0,0.2545454545454545,-0.21368513240892106,0.0017074906010041586,0.2101,acr-b,Propranolol,efflux
337.35,1.124,71.11,1.0,5.0,4.0,24.0,1.0,0.5,0.0,0.414,-0.442,2.0,4.659,0.75,4.0,201.0,-0.0443,25.0,0.0,0.2545454545454545,-0.22837614174738086,0.004038912311597042,0.30071,acr-b,Linezolid,efflux
384.43,0.548,124.01,3.0,8.0,5.0,25.0,1.0,0.467,0.0,0.327,-0.48,4.0,4.257,0.75,8.0,194.0,-0.1206,38.0,0.0,0.2545454545454545,-0.22797020066165885,0.003959316170768506,0.30598,acr-b,Ticarcillin,efflux
478.88,0.282,181.62,6.0,9.0,7.0,33.0,1.0,0.409,0.0,0.293,-0.508,0.0,4.132,0.75,10.0,316.0,-0.2561,94.0,0.0,0.2545454545454545,-0.22788751366535642,0.003947121037945211,0.60603,acr-b,Chlortetracycline,efflux
1203.5,-5.245,490.66,18.0,18.0,36.0,85.0,1.0,0.696,0.0,0.245,-0.391,0.0,7.894,0.9167,28.0,432.0,-0.4692,98.0,0.0,0.2545454545454545,-0.23897979783397005,0.005591256279264881,0.36902,acr-b,Polymyxin B1,efflux
470.33,3.202,112.74,2.0,7.0,4.0,30.0,2.0,0.368,0.0,0.327,-0.48,3.0,4.2,0.6667,11.0,243.0,-0.1024,63.0,0.0,0.2545454545454545,-0.22274579995786503,0.003133800456954831,0.27396,acr-b,Dicloxacillin,efflux
514.59,-1.044,153.92,2.0,10.0,8.0,35.0,2.0,0.364,0.0,0.276,-0.543,1.0,5.29,0.75,11.0,218.0,-0.1659,33.0,0.0,0.2545454545454545,-0.22795516766516322,0.003966947987859002,0.30616,acr-b,Cefpirome,efflux
467.52,-6.296,268.17,10.0,14.0,16.0,32.0,0.0,1.0,0.0,0.211,-0.394,0.0,4.239,0.8333,14.0,298.0,-0.2838,64.0,0.0,0.2545454545454545,-0.23247588911457484,0.004582994135631856,0.63665,acr-b,Tobramycin,efflux
318.87,4.894,6.48,0.0,3.0,4.0,21.0,2.0,0.294,0.0,0.066,-0.34,0.0,3.685,0.6667,3.0,148.0,-0.1106,48.0,0.0,0.2545454545454545,-0.19468775690027051,0.002795508096361966,0.51683,acr-b,Chlorpromazine,efflux
